user:id,score,leaderboard
user:1,19,3
user:2,487,3
user:3,308,2
user:4,321,2
user:5,440,2
user:6,267,2
user:7,362,3
user:8,394,2
user:9,262,3
user:10,27,3
user:11,316,3
user:12,173,2
user:13,105,2
user:14,327,3
user:15,20,3
user:16,70,3
user:17,397,3
user:18,471,3
user:19,417,2
user:20,98,3
user:21,478,3
user:22,323,3
user:23,300,2
user:24,13,3
user:25,65,3
user:26,471,2
user:27,359,3
user:28,299,2
user:29,221,3
user:30,148,3
user:31,192,2
user:32,417,2
user:33,490,3
user:34,436,2
user:35,417,2
user:36,48,2
user:37,309,2
user:38,353,2
user:39,38,2
user:40,74,3
user:41,77,2
user:42,42,3
user:43,439,3
user:44,360,3
user:45,18,2
user:46,417,3
user:47,204,2
user:48,486,2
user:49,21,2
user:50,256,3
user:51,446,3
user:52,401,2
user:53,154,3
user:54,407,2
user:55,431,3
user:56,95,3
user:57,419,3
user:58,427,2
user:59,65,3
user:60,226,3
user:61,68,3
user:62,183,2
user:63,190,3
user:64,328,2
user:65,483,2
user:66,154,3
user:67,176,3
user:68,66,2
user:69,135,2
user:70,373,3
user:71,2,2
user:72,221,2
user:73,109,3
user:74,222,2
user:75,293,3
user:76,12,2
user:77,491,3
user:78,10,2
user:79,297,2
user:80,27,2
user:81,138,3
user:82,62,2
user:83,330,2
user:84,66,2
user:85,457,3
user:86,325,3
user:87,21,3
user:88,356,3
user:89,326,2
user:90,288,2
user:91,9,3
user:92,154,3
user:93,190,2
user:94,337,2
user:95,324,2
user:96,490,3
user:97,106,2
user:98,16,3
user:99,310,2
user:100,318,3
user:101,250,2
user:102,469,2
user:103,274,2
user:104,171,3
user:105,393,3
user:106,261,2
user:107,476,2
user:108,441,3
user:109,362,3
user:110,89,2
user:111,185,3
user:112,252,3
user:113,300,2
user:114,363,3
user:115,216,2
user:116,471,2
user:117,319,3
user:118,465,3
user:119,270,3
user:120,266,2
user:121,228,2
user:122,4,2
user:123,380,3
user:124,240,2
user:125,51,2
user:126,262,3
user:127,428,3
user:128,51,3
user:129,464,3
user:130,8,2
user:131,484,2
user:132,94,3
user:133,54,2
user:134,346,3
user:135,144,3
user:136,224,3
user:137,17,2
user:138,224,2
user:139,124,2
user:140,192,3
user:141,471,2
user:142,247,3
user:143,70,3
user:144,418,2
user:145,44,2
user:146,462,3
user:147,400,2
user:148,431,3
user:149,241,2
user:150,311,2
user:151,490,3
user:152,299,3
user:153,363,3
user:154,8,3
user:155,132,3
user:156,103,2
user:157,377,3
user:158,145,3
user:159,4,3
user:160,38,3
user:161,166,2
user:162,441,3
user:163,252,3
user:164,495,2
user:165,40,2
user:166,122,3
user:167,390,3
user:168,8,2
user:169,150,3
user:170,45,2
user:171,396,3
user:172,291,3
user:173,208,3
user:174,314,3
user:175,210,3
user:176,125,3
user:177,457,3
user:178,263,2
user:179,340,2
user:180,232,2
user:181,367,3
user:182,362,3
user:183,382,2
user:184,356,2
user:185,376,3
user:186,262,3
user:187,31,2
user:188,142,2
user:189,269,3
user:190,403,3
user:191,37,2
user:192,65,3
user:193,454,2
user:194,290,2
user:195,133,2
user:196,29,2
user:197,434,3
user:198,309,2
user:199,116,2
user:200,461,3
user:201,213,2
user:202,140,2
user:203,80,2
user:204,119,3
user:205,194,3
user:206,122,3
user:207,297,3
user:208,80,2
user:209,372,2
user:210,173,3
user:211,291,2
user:212,286,2
user:213,199,3
user:214,168,3
user:215,445,3
user:216,313,2
user:217,32,3
user:218,447,3
user:219,319,3
user:220,473,2
user:221,442,2
user:222,1,3
user:223,423,3
user:224,155,3
user:225,455,2
user:226,148,2
user:227,313,2
user:228,331,3
user:229,470,2
user:230,412,3
user:231,217,2
user:232,439,3
user:233,155,3
user:234,152,2
user:235,321,2
user:236,415,3
user:237,78,2
user:238,383,2
user:239,448,2
user:240,488,3
user:241,181,2
user:242,123,3
user:243,72,3
user:244,411,3
user:245,423,3
user:246,494,3
user:247,494,3
user:248,194,2
user:249,68,3
user:250,259,2
user:251,10,3
user:252,489,3
user:253,87,2
user:254,403,3
user:255,34,3
user:256,199,2
user:257,62,3
user:258,321,2
user:259,464,3
user:260,7,3
user:261,278,2
user:262,157,2
user:263,471,2
user:264,456,2
user:265,369,2
user:266,316,3
user:267,480,3
user:268,400,3
user:269,467,2
user:270,203,3
user:271,332,3
user:272,69,3
user:273,281,2
user:274,219,2
user:275,448,3
user:276,241,2
user:277,373,2
user:278,114,3
user:279,323,3
user:280,464,3
user:281,168,2
user:282,346,3
user:283,306,3
user:284,51,2
user:285,362,3
user:286,138,3
user:287,395,2
user:288,33,2
user:289,439,3
user:290,34,3
user:291,198,3
user:292,101,2
user:293,412,2
user:294,341,2
user:295,254,2
user:296,40,3
user:297,227,2
user:298,456,2
user:299,113,2
user:300,28,3
user:301,473,2
user:302,210,3
user:303,412,2
user:304,200,2
user:305,136,3
user:306,13,2
user:307,146,2
user:308,255,3
user:309,108,2
user:310,221,3
user:311,475,3
user:312,460,2
user:313,57,3
user:314,362,3
user:315,144,3
user:316,299,3
user:317,4,2
user:318,498,2
user:319,0,2
user:320,139,3
user:321,151,2
user:322,267,3
user:323,140,2
user:324,191,3
user:325,491,2
user:326,313,3
user:327,379,2
user:328,218,3
user:329,240,3
user:330,98,2
user:331,79,2
user:332,360,2
user:333,393,2
user:334,315,2
user:335,320,3
user:336,178,3
user:337,471,3
user:338,406,2
user:339,490,3
user:340,437,3
user:341,122,2
user:342,469,2
user:343,149,2
user:344,429,2
user:345,227,3
user:346,142,3
user:347,361,2
user:348,92,2
user:349,70,2
user:350,358,3
user:351,243,3
user:352,477,3
user:353,413,3
user:354,221,3
user:355,129,2
user:356,112,3
user:357,467,3
user:358,74,2
user:359,62,2
user:360,127,3
user:361,344,3
user:362,217,2
user:363,269,3
user:364,68,2
user:365,8,2
user:366,94,2
user:367,350,3
user:368,114,2
user:369,91,3
user:370,168,3
user:371,164,2
user:372,55,2
user:373,176,3
user:374,137,3
user:375,227,2
user:376,206,3
user:377,285,3
user:378,16,3
user:379,492,3
user:380,70,3
user:381,299,2
user:382,124,2
user:383,477,3
user:384,439,3
user:385,479,3
user:386,400,2
user:387,41,2
user:388,290,3
user:389,24,2
user:390,2,3
user:391,14,3
user:392,250,3
user:393,310,2
user:394,102,3
user:395,462,2
user:396,57,2
user:397,13,3
user:398,298,3
user:399,85,3
user:400,447,3
user:401,320,2
user:402,92,3
user:403,99,3
user:404,66,3
user:405,257,3
user:406,417,2
user:407,426,2
user:408,11,2
user:409,425,2
user:410,231,3
user:411,181,2
user:412,342,2
user:413,99,2
user:414,301,2
user:415,197,3
user:416,422,2
user:417,136,3
user:418,326,3
user:419,241,3
user:420,225,3
user:421,97,3
user:422,209,2
user:423,154,3
user:424,274,3
user:425,279,2
user:426,349,2
user:427,307,3
user:428,217,3
user:429,60,3
user:430,485,2
user:431,138,3
user:432,88,3
user:433,70,2
user:434,262,3
user:435,487,2
user:436,154,3
user:437,158,3
user:438,331,2
user:439,77,3
user:440,368,3
user:441,27,2
user:442,10,3
user:443,233,3
user:444,296,2
user:445,165,2
user:446,188,3
user:447,351,2
user:448,40,3
user:449,341,3
user:450,371,2
user:451,155,3
user:452,71,3
user:453,14,2
user:454,11,2
user:455,450,2
user:456,72,3
user:457,425,2
user:458,477,3
user:459,429,2
user:460,298,3
user:461,445,3
user:462,279,3
user:463,24,3
user:464,183,3
user:465,30,2
user:466,454,3
user:467,415,3
user:468,380,3
user:469,186,2
user:470,269,2
user:471,28,2
user:472,157,2
user:473,381,2
user:474,233,3
user:475,276,3
user:476,45,2
user:477,217,2
user:478,204,2
user:479,276,3
user:480,445,2
user:481,472,3
user:482,223,2
user:483,472,3
user:484,367,3
user:485,272,2
user:486,39,3
user:487,385,3
user:488,322,3
user:489,239,3
user:490,176,2
user:491,159,2
user:492,412,3
user:493,400,3
user:494,253,3
user:495,163,3
user:496,5,2
user:497,486,2
user:498,164,3
user:499,128,3
user:500,469,3
user:501,498,2
user:502,156,2
user:503,169,3
user:504,281,3
user:505,31,3
user:506,238,2
user:507,58,2
user:508,481,3
user:509,359,3
user:510,328,2
user:511,251,2
user:512,286,3
user:513,208,2
user:514,469,3
user:515,467,2
user:516,375,2
user:517,424,3
user:518,456,3
user:519,46,3
user:520,231,2
user:521,441,3
user:522,170,2
user:523,391,2
user:524,154,3
user:525,27,3
user:526,435,3
user:527,494,2
user:528,472,2
user:529,262,3
user:530,250,2
user:531,419,3
user:532,212,2
user:533,54,2
user:534,236,2
user:535,88,2
user:536,470,3
user:537,254,2
user:538,257,3
user:539,363,3
user:540,468,3
user:541,73,2
user:542,173,3
user:543,187,3
user:544,285,2
user:545,34,2
user:546,309,3
user:547,452,2
user:548,50,2
user:549,108,3
user:550,319,2
user:551,342,2
user:552,403,3
user:553,13,2
user:554,210,3
user:555,62,2
user:556,361,2
user:557,342,3
user:558,447,3
user:559,225,2
user:560,286,3
user:561,286,3
user:562,210,2
user:563,138,2
user:564,1,2
user:565,201,3
user:566,493,3
user:567,349,2
user:568,196,3
user:569,154,3
user:570,468,2
user:571,59,2
user:572,153,3
user:573,332,2
user:574,181,3
user:575,432,3
user:576,440,3
user:577,370,2
user:578,391,2
user:579,350,2
user:580,135,3
user:581,183,2
user:582,49,2
user:583,341,3
user:584,319,2
user:585,361,2
user:586,193,2
user:587,259,3
user:588,477,3
user:589,457,3
user:590,258,2
user:591,204,2
user:592,199,3
user:593,282,3
user:594,83,3
user:595,331,3
user:596,486,2
user:597,382,3
user:598,188,2
user:599,391,2
user:600,228,3
user:601,387,2
user:602,173,2
user:603,258,3
user:604,408,3
user:605,337,3
user:606,446,3
user:607,209,2
user:608,355,2
user:609,323,3
user:610,273,3
user:611,395,3
user:612,382,3
user:613,8,3
user:614,35,3
user:615,238,3
user:616,449,3
user:617,102,3
user:618,406,3
user:619,448,2
user:620,62,2
user:621,377,2
user:622,68,2
user:623,416,3
user:624,406,2
user:625,89,2
user:626,468,3
user:627,0,3
user:628,356,3
user:629,466,3
user:630,20,3
user:631,61,2
user:632,297,3
user:633,8,3
user:634,107,2
user:635,120,2
user:636,386,3
user:637,379,2
user:638,153,2
user:639,171,2
user:640,195,2
user:641,72,3
user:642,7,2
user:643,456,3
user:644,391,2
user:645,328,2
user:646,362,3
user:647,443,3
user:648,488,3
user:649,474,2
user:650,389,3
user:651,332,3
user:652,413,2
user:653,431,2
user:654,320,3
user:655,105,2
user:656,60,2
user:657,99,2
user:658,174,2
user:659,495,2
user:660,242,3
user:661,209,2
user:662,422,3
user:663,263,2
user:664,398,3
user:665,446,3
user:666,367,2
user:667,263,2
user:668,214,2
user:669,335,3
user:670,157,2
user:671,88,2
user:672,261,3
user:673,368,2
user:674,356,2
user:675,488,2
user:676,85,3
user:677,303,3
user:678,162,2
user:679,297,3
user:680,212,2
user:681,371,2
user:682,435,2
user:683,332,2
user:684,315,2
user:685,318,2
user:686,329,2
user:687,19,3
user:688,413,2
user:689,328,3
user:690,499,3
user:691,20,2
user:692,255,2
user:693,332,2
user:694,470,3
user:695,238,3
user:696,212,3
user:697,99,3
user:698,467,2
user:699,311,3
user:700,307,2
user:701,273,2
user:702,175,2
user:703,156,3
user:704,196,3
user:705,162,2
user:706,123,2
user:707,106,3
user:708,302,3
user:709,145,3
user:710,93,3
user:711,416,2
user:712,467,2
user:713,1,3
user:714,198,2
user:715,192,3
user:716,420,2
user:717,287,3
user:718,42,2
user:719,283,2
user:720,80,3
user:721,105,3
user:722,122,3
user:723,275,2
user:724,140,2
user:725,232,2
user:726,428,3
user:727,463,2
user:728,152,3
user:729,60,3
user:730,17,3
user:731,60,3
user:732,301,3
user:733,197,3
user:734,106,2
user:735,426,2
user:736,314,2
user:737,365,3
user:738,120,2
user:739,284,3
user:740,13,3
user:741,393,3
user:742,437,2
user:743,151,3
user:744,276,2
user:745,179,3
user:746,445,2
user:747,209,3
user:748,242,2
user:749,437,2
user:750,423,3
user:751,394,3
user:752,436,2
user:753,389,2
user:754,130,3
user:755,214,3
user:756,55,2
user:757,314,2
user:758,407,3
user:759,186,2
user:760,36,3
user:761,465,2
user:762,30,3
user:763,272,2
user:764,120,3
user:765,409,2
user:766,478,2
user:767,373,3
user:768,51,2
user:769,223,2
user:770,249,3
user:771,182,3
user:772,168,3
user:773,306,2
user:774,332,2
user:775,180,2
user:776,76,2
user:777,230,3
user:778,419,3
user:779,91,3
user:780,285,3
user:781,144,3
user:782,458,2
user:783,346,2
user:784,125,2
user:785,215,2
user:786,168,2
user:787,439,2
user:788,484,2
user:789,447,3
user:790,156,2
user:791,71,2
user:792,383,3
user:793,464,3
user:794,351,2
user:795,97,2
user:796,162,3
user:797,495,3
user:798,19,2
user:799,71,3
user:800,48,3
user:801,322,2
user:802,216,2
user:803,93,3
user:804,163,2
user:805,385,2
user:806,121,3
user:807,225,2
user:808,75,2
user:809,29,2
user:810,330,2
user:811,438,3
user:812,295,3
user:813,110,2
user:814,290,2
user:815,373,2
user:816,209,2
user:817,255,3
user:818,212,2
user:819,204,2
user:820,262,3
user:821,49,3
user:822,480,2
user:823,482,2
user:824,338,3
user:825,322,2
user:826,213,2
user:827,111,2
user:828,114,2
user:829,443,3
user:830,354,3
user:831,5,2
user:832,349,2
user:833,220,3
user:834,365,3
user:835,17,3
user:836,439,3
user:837,16,3
user:838,328,3
user:839,391,3
user:840,242,3
user:841,160,2
user:842,479,3
user:843,344,2
user:844,135,3
user:845,43,2
user:846,478,2
user:847,320,2
user:848,424,2
user:849,13,3
user:850,467,2
user:851,58,3
user:852,236,3
user:853,291,3
user:854,277,3
user:855,382,2
user:856,217,2
user:857,138,2
user:858,417,3
user:859,486,2
user:860,387,2
user:861,380,2
user:862,320,2
user:863,8,2
user:864,235,2
user:865,197,2
user:866,143,2
user:867,366,3
user:868,194,3
user:869,239,2
user:870,264,3
user:871,131,2
user:872,410,3
user:873,202,3
user:874,494,3
user:875,135,2
user:876,281,3
user:877,454,2
user:878,378,2
user:879,145,3
user:880,81,3
user:881,141,2
user:882,392,3
user:883,103,2
user:884,45,2
user:885,432,2
user:886,201,3
user:887,362,3
user:888,183,3
user:889,198,3
user:890,137,3
user:891,287,2
user:892,184,2
user:893,435,2
user:894,421,3
user:895,314,2
user:896,175,2
user:897,139,3
user:898,183,2
user:899,284,2
user:900,235,2
user:901,147,2
user:902,251,3
user:903,338,2
user:904,15,2
user:905,140,3
user:906,200,2
user:907,218,2
user:908,455,2
user:909,87,2
user:910,156,3
user:911,33,2
user:912,77,2
user:913,385,3
user:914,348,3
user:915,388,2
user:916,28,3
user:917,278,3
user:918,454,3
user:919,294,3
user:920,37,3
user:921,446,2
user:922,348,3
user:923,386,2
user:924,182,2
user:925,228,3
user:926,390,3
user:927,249,2
user:928,402,3
user:929,39,2
user:930,19,2
user:931,97,3
user:932,441,2
user:933,402,2
user:934,474,3
user:935,58,3
user:936,458,3
user:937,400,2
user:938,114,3
user:939,67,3
user:940,370,2
user:941,469,3
user:942,416,3
user:943,150,3
user:944,36,2
user:945,142,3
user:946,374,3
user:947,411,2
user:948,255,3
user:949,260,3
user:950,199,2
user:951,110,2
user:952,146,3
user:953,80,3
user:954,386,3
user:955,8,2
user:956,347,2
user:957,486,2
user:958,392,2
user:959,36,3
user:960,124,2
user:961,126,3
user:962,419,3
user:963,388,3
user:964,361,2
user:965,383,2
user:966,460,2
user:967,332,2
user:968,85,3
user:969,10,3
user:970,60,3
user:971,324,3
user:972,107,3
user:973,84,3
user:974,459,2
user:975,9,2
user:976,77,3
user:977,165,2
user:978,83,3
user:979,266,3
user:980,183,3
user:981,145,3
user:982,103,2
user:983,201,3
user:984,488,3
user:985,280,3
user:986,124,3
user:987,398,2
user:988,374,3
user:989,279,2
user:990,339,2
user:991,228,2
user:992,344,2
user:993,125,2
user:994,347,2
user:995,201,3
user:996,432,3
user:997,454,2
user:998,179,3
user:999,162,3
user:1000,298,2
user:1001,387,2
user:1002,412,2
user:1003,36,3
user:1004,115,2
user:1005,178,2
user:1006,171,3
user:1007,470,2
user:1008,204,2
user:1009,367,3
user:1010,187,3
user:1011,399,3
user:1012,440,3
user:1013,368,2
user:1014,495,3
user:1015,450,2
user:1016,326,2
user:1017,50,2
user:1018,280,2
user:1019,117,3
user:1020,251,2
user:1021,383,2
user:1022,338,2
user:1023,270,2
user:1024,321,2
user:1025,130,2
user:1026,52,2
user:1027,359,3
user:1028,322,2
user:1029,360,3
user:1030,270,3
user:1031,97,2
user:1032,292,2
user:1033,244,3
user:1034,462,3
user:1035,5,2
user:1036,338,2
user:1037,183,2
user:1038,25,2
user:1039,360,2
user:1040,322,2
user:1041,273,2
user:1042,149,3
user:1043,0,2
user:1044,227,2
user:1045,490,2
user:1046,162,2
user:1047,381,3
user:1048,2,3
user:1049,198,3
user:1050,344,2
user:1051,456,3
user:1052,440,3
user:1053,273,2
user:1054,264,2
user:1055,184,3
user:1056,141,3
user:1057,110,3
user:1058,276,2
user:1059,416,3
user:1060,402,2
user:1061,245,2
user:1062,396,2
user:1063,456,2
user:1064,416,2
user:1065,129,2
user:1066,414,3
user:1067,275,3
user:1068,465,2
user:1069,268,3
user:1070,219,2
user:1071,220,3
user:1072,379,2
user:1073,82,3
user:1074,452,3
user:1075,8,3
user:1076,356,3
user:1077,277,3
user:1078,261,3
user:1079,437,2
user:1080,363,3
user:1081,429,2
user:1082,136,2
user:1083,484,2
user:1084,199,2
user:1085,235,3
user:1086,453,3
user:1087,372,3
user:1088,430,3
user:1089,40,2
user:1090,94,2
user:1091,236,3
user:1092,338,3
user:1093,302,3
user:1094,216,2
user:1095,160,2
user:1096,151,3
user:1097,85,2
user:1098,499,3
user:1099,232,2
user:1100,304,3
user:1101,19,2
user:1102,434,3
user:1103,175,2
user:1104,131,3
user:1105,359,3
user:1106,0,3
user:1107,258,3
user:1108,403,2
user:1109,412,2
user:1110,356,3
user:1111,388,2
user:1112,308,3
user:1113,68,3
user:1114,485,3
user:1115,213,3
user:1116,12,2
user:1117,100,3
user:1118,24,3
user:1119,58,3
user:1120,174,2
user:1121,156,2
user:1122,371,3
user:1123,186,2
user:1124,310,3
user:1125,38,3
user:1126,492,2
user:1127,204,3
user:1128,228,3
user:1129,435,3
user:1130,220,2
user:1131,337,3
user:1132,283,3
user:1133,233,3
user:1134,212,2
user:1135,434,2
user:1136,35,3
user:1137,353,2
user:1138,142,3
user:1139,233,2
user:1140,490,2
user:1141,326,3
user:1142,88,2
user:1143,349,3
user:1144,455,2
user:1145,413,3
user:1146,36,2
user:1147,396,2
user:1148,159,3
user:1149,116,3
user:1150,324,2
user:1151,341,2
user:1152,177,3
user:1153,332,2
user:1154,353,2
user:1155,466,2
user:1156,358,2
user:1157,171,2
user:1158,315,3
user:1159,242,2
user:1160,358,2
user:1161,193,3
user:1162,219,2
user:1163,487,3
user:1164,79,3
user:1165,351,3
user:1166,473,2
user:1167,408,3
user:1168,263,2
user:1169,439,2
user:1170,324,3
user:1171,459,3
user:1172,193,2
user:1173,155,2
user:1174,461,2
user:1175,443,2
user:1176,448,3
user:1177,203,3
user:1178,174,2
user:1179,439,2
user:1180,398,2
user:1181,431,3
user:1182,498,3
user:1183,381,3
user:1184,140,3
user:1185,83,3
user:1186,376,3
user:1187,55,2
user:1188,352,3
user:1189,149,3
user:1190,455,2
user:1191,306,2
user:1192,93,3
user:1193,98,3
user:1194,268,2
user:1195,486,3
user:1196,361,3
user:1197,9,3
user:1198,139,2
user:1199,461,2
user:1200,342,3
user:1201,183,2
user:1202,355,2
user:1203,15,3
user:1204,71,3
user:1205,321,2
user:1206,255,3
user:1207,72,2
user:1208,370,2
user:1209,219,3
user:1210,89,3
user:1211,449,2
user:1212,282,2
user:1213,208,3
user:1214,189,2
user:1215,211,2
user:1216,360,2
user:1217,201,2
user:1218,201,2
user:1219,288,3
user:1220,83,3
user:1221,297,2
user:1222,340,2
user:1223,147,2
user:1224,312,2
user:1225,278,3
user:1226,390,3
user:1227,161,3
user:1228,174,2
user:1229,207,3
user:1230,400,2
user:1231,276,2
user:1232,426,2
user:1233,37,2
user:1234,315,3
user:1235,167,3
user:1236,327,3
user:1237,243,2
user:1238,71,2
user:1239,324,2
user:1240,296,3
user:1241,7,2
user:1242,448,2
user:1243,403,2
user:1244,95,3
user:1245,364,2
user:1246,354,2
user:1247,166,2
user:1248,67,2
user:1249,2,3
user:1250,480,3
user:1251,56,3
user:1252,483,2
user:1253,87,3
user:1254,157,3
user:1255,196,3
user:1256,329,3
user:1257,33,2
user:1258,100,2
user:1259,85,3
user:1260,434,3
user:1261,120,2
user:1262,93,2
user:1263,355,2
user:1264,179,3
user:1265,153,2
user:1266,74,3
user:1267,134,2
user:1268,86,2
user:1269,167,3
user:1270,489,3
user:1271,498,3
user:1272,464,2
user:1273,224,3
user:1274,203,2
user:1275,437,3
user:1276,416,3
user:1277,436,2
user:1278,212,2
user:1279,444,2
user:1280,367,2
user:1281,210,2
user:1282,338,3
user:1283,128,3
user:1284,472,3
user:1285,28,2
user:1286,78,3
user:1287,156,2
user:1288,128,3
user:1289,247,3
user:1290,270,3
user:1291,440,2
user:1292,54,3
user:1293,17,3
user:1294,211,3
user:1295,140,2
user:1296,299,2
user:1297,328,3
user:1298,439,2
user:1299,474,2
user:1300,303,2
user:1301,125,3
user:1302,363,3
user:1303,258,3
user:1304,72,2
user:1305,113,2
user:1306,22,2
user:1307,271,2
user:1308,307,2
user:1309,64,3
user:1310,315,3
user:1311,294,3
user:1312,332,3
user:1313,460,3
user:1314,86,2
user:1315,103,2
user:1316,424,2
user:1317,194,2
user:1318,117,3
user:1319,223,2
user:1320,226,2
user:1321,423,2
user:1322,126,3
user:1323,491,2
user:1324,196,2
user:1325,316,2
user:1326,39,2
user:1327,261,3
user:1328,153,2
user:1329,67,2
user:1330,435,3
user:1331,97,3
user:1332,296,2
user:1333,17,2
user:1334,232,3
user:1335,411,3
user:1336,198,3
user:1337,101,2
user:1338,344,2
user:1339,245,2
user:1340,124,2
user:1341,113,3
user:1342,241,2
user:1343,319,3
user:1344,192,2
user:1345,426,3
user:1346,57,2
user:1347,484,2
user:1348,264,3
user:1349,363,3
user:1350,100,3
user:1351,416,2
user:1352,154,3
user:1353,342,3
user:1354,365,2
user:1355,198,3
user:1356,148,3
user:1357,259,2
user:1358,406,2
user:1359,405,3
user:1360,46,2
user:1361,278,2
user:1362,195,3
user:1363,400,2
user:1364,401,3
user:1365,317,3
user:1366,363,3
user:1367,308,3
user:1368,354,2
user:1369,24,3
user:1370,57,3
user:1371,493,3
user:1372,459,2
user:1373,404,2
user:1374,420,3
user:1375,413,2
user:1376,174,2
user:1377,78,3
user:1378,70,2
user:1379,380,2
user:1380,184,3
user:1381,288,3
user:1382,272,2
user:1383,52,3
user:1384,68,3
user:1385,352,2
user:1386,393,3
user:1387,442,2
user:1388,319,2
user:1389,214,3
user:1390,77,3
user:1391,312,2
user:1392,111,2
user:1393,87,3
user:1394,492,2
user:1395,31,3
user:1396,253,3
user:1397,408,3
user:1398,411,3
user:1399,376,3
user:1400,150,3
user:1401,468,2
user:1402,305,2
user:1403,235,2
user:1404,198,2
user:1405,81,3
user:1406,76,3
user:1407,321,3
user:1408,448,3
user:1409,60,2
user:1410,12,2
user:1411,325,2
user:1412,492,2
user:1413,97,2
user:1414,23,2
user:1415,329,2
user:1416,485,3
user:1417,278,3
user:1418,201,2
user:1419,386,2
user:1420,371,2
user:1421,101,3
user:1422,253,3
user:1423,402,3
user:1424,328,2
user:1425,281,2
user:1426,382,2
user:1427,276,2
user:1428,197,2
user:1429,37,3
user:1430,212,2
user:1431,268,3
user:1432,98,2
user:1433,253,2
user:1434,419,2
user:1435,194,3
user:1436,214,3
user:1437,101,2
user:1438,298,3
user:1439,320,3
user:1440,211,2
user:1441,194,2
user:1442,54,2
user:1443,234,3
user:1444,74,2
user:1445,303,2
user:1446,239,3
user:1447,47,2
user:1448,142,3
user:1449,454,2
user:1450,348,2
user:1451,450,2
user:1452,464,3
user:1453,441,3
user:1454,210,3
user:1455,15,2
user:1456,159,2
user:1457,376,2
user:1458,483,3
user:1459,71,3
user:1460,313,3
user:1461,400,2
user:1462,197,2
user:1463,138,2
user:1464,33,3
user:1465,22,2
user:1466,471,2
user:1467,142,3
user:1468,175,2
user:1469,347,3
user:1470,237,2
user:1471,34,2
user:1472,386,3
user:1473,111,3
user:1474,482,3
user:1475,474,2
user:1476,496,2
user:1477,461,2
user:1478,280,2
user:1479,444,3
user:1480,480,3
user:1481,389,3
user:1482,87,2
user:1483,422,2
user:1484,135,2
user:1485,36,2
user:1486,54,3
user:1487,286,2
user:1488,323,2
user:1489,305,3
user:1490,369,3
user:1491,138,2
user:1492,81,3
user:1493,349,2
user:1494,431,2
user:1495,50,3
user:1496,155,3
user:1497,467,2
user:1498,454,3
user:1499,66,2
user:1500,486,3
user:1501,365,3
user:1502,426,3
user:1503,359,2
user:1504,455,3
user:1505,2,2
user:1506,165,2
user:1507,65,2
user:1508,220,2
user:1509,427,3
user:1510,82,2
user:1511,164,3
user:1512,256,2
user:1513,48,3
user:1514,104,2
user:1515,188,2
user:1516,298,2
user:1517,268,3
user:1518,107,2
user:1519,143,3
user:1520,177,3
user:1521,240,3
user:1522,97,3
user:1523,252,2
user:1524,155,3
user:1525,223,2
user:1526,276,2
user:1527,1,2
user:1528,210,3
user:1529,180,3
user:1530,86,2
user:1531,462,3
user:1532,351,3
user:1533,229,2
user:1534,226,2
user:1535,30,2
user:1536,410,2
user:1537,3,2
user:1538,137,2
user:1539,3,3
user:1540,445,3
user:1541,262,2
user:1542,383,3
user:1543,348,3
user:1544,276,3
user:1545,265,2
user:1546,383,2
user:1547,86,2
user:1548,368,2
user:1549,27,2
user:1550,412,2
user:1551,423,3
user:1552,241,2
user:1553,28,3
user:1554,354,2
user:1555,120,3
user:1556,273,2
user:1557,306,2
user:1558,186,2
user:1559,78,2
user:1560,281,2
user:1561,123,2
user:1562,244,2
user:1563,256,3
user:1564,459,3
user:1565,31,2
user:1566,398,3
user:1567,304,3
user:1568,330,3
user:1569,194,2
user:1570,307,3
user:1571,213,2
user:1572,82,3
user:1573,246,2
user:1574,76,3
user:1575,345,3
user:1576,256,2
user:1577,279,3
user:1578,205,3
user:1579,388,3
user:1580,13,3
user:1581,260,3
user:1582,370,3
user:1583,126,2
user:1584,332,3
user:1585,265,2
user:1586,235,2
user:1587,400,2
user:1588,292,2
user:1589,410,3
user:1590,113,3
user:1591,229,2
user:1592,212,3
user:1593,225,2
user:1594,16,2
user:1595,343,3
user:1596,300,2
user:1597,492,3
user:1598,296,2
user:1599,264,2
user:1600,89,3
user:1601,230,2
user:1602,302,2
user:1603,121,2
user:1604,345,3
user:1605,25,3
user:1606,188,2
user:1607,58,3
user:1608,306,3
user:1609,393,2
user:1610,260,2
user:1611,405,2
user:1612,27,2
user:1613,148,3
user:1614,495,2
user:1615,280,3
user:1616,336,2
user:1617,482,2
user:1618,136,2
user:1619,337,3
user:1620,337,2
user:1621,84,3
user:1622,55,2
user:1623,175,2
user:1624,156,3
user:1625,109,2
user:1626,381,3
user:1627,259,3
user:1628,100,2
user:1629,206,2
user:1630,190,2
user:1631,257,2
user:1632,181,2
user:1633,98,2
user:1634,421,2
user:1635,354,3
user:1636,470,3
user:1637,381,3
user:1638,476,3
user:1639,403,2
user:1640,41,2
user:1641,261,3
user:1642,394,3
user:1643,222,3
user:1644,336,3
user:1645,408,3
user:1646,300,3
user:1647,442,2
user:1648,96,3
user:1649,463,2
user:1650,282,2
user:1651,23,2
user:1652,91,2
user:1653,444,3
user:1654,216,3
user:1655,431,3
user:1656,248,3
user:1657,439,2
user:1658,16,2
user:1659,474,3
user:1660,387,3
user:1661,495,2
user:1662,213,2
user:1663,455,2
user:1664,177,3
user:1665,492,2
user:1666,226,3
user:1667,67,2
user:1668,61,2
user:1669,129,3
user:1670,161,3
user:1671,406,3
user:1672,313,3
user:1673,298,3
user:1674,472,2
user:1675,47,3
user:1676,115,3
user:1677,220,3
user:1678,303,3
user:1679,317,2
user:1680,428,3
user:1681,190,2
user:1682,375,3
user:1683,285,2
user:1684,197,2
user:1685,130,3
user:1686,294,3
user:1687,459,3
user:1688,400,2
user:1689,391,2
user:1690,225,3
user:1691,308,3
user:1692,176,2
user:1693,406,3
user:1694,427,2
user:1695,34,3
user:1696,300,3
user:1697,321,3
user:1698,253,2
user:1699,388,3
user:1700,56,2
user:1701,134,2
user:1702,278,3
user:1703,415,2
user:1704,76,3
user:1705,217,3
user:1706,376,3
user:1707,200,2
user:1708,49,2
user:1709,276,3
user:1710,162,2
user:1711,6,2
user:1712,262,3
user:1713,407,2
user:1714,367,3
user:1715,199,3
user:1716,288,3
user:1717,394,3
user:1718,402,3
user:1719,450,3
user:1720,226,3
user:1721,251,2
user:1722,495,3
user:1723,479,3
user:1724,284,2
user:1725,322,3
user:1726,25,2
user:1727,488,2
user:1728,129,3
user:1729,337,2
user:1730,345,2
user:1731,498,2
user:1732,326,3
user:1733,456,2
user:1734,148,3
user:1735,438,2
user:1736,366,2
user:1737,186,3
user:1738,119,3
user:1739,211,2
user:1740,197,3
user:1741,457,2
user:1742,432,2
user:1743,377,3
user:1744,411,2
user:1745,312,2
user:1746,361,2
user:1747,225,3
user:1748,151,2
user:1749,298,3
user:1750,101,3
user:1751,226,2
user:1752,88,2
user:1753,144,2
user:1754,176,3
user:1755,265,2
user:1756,268,2
user:1757,199,2
user:1758,146,3
user:1759,58,3
user:1760,430,3
user:1761,390,2
user:1762,120,3
user:1763,327,3
user:1764,391,2
user:1765,122,3
user:1766,488,3
user:1767,113,3
user:1768,412,2
user:1769,117,3
user:1770,87,2
user:1771,57,2
user:1772,2,2
user:1773,136,2
user:1774,451,2
user:1775,63,2
user:1776,458,2
user:1777,376,3
user:1778,133,3
user:1779,470,2
user:1780,1,2
user:1781,58,2
user:1782,66,2
user:1783,262,2
user:1784,267,3
user:1785,373,3
user:1786,285,2
user:1787,304,3
user:1788,487,3
user:1789,432,2
user:1790,325,3
user:1791,297,3
user:1792,110,2
user:1793,305,2
user:1794,49,2
user:1795,382,2
user:1796,265,2
user:1797,22,3
user:1798,132,3
user:1799,296,2
user:1800,374,2
user:1801,78,3
user:1802,411,3
user:1803,17,2
user:1804,413,2
user:1805,103,2
user:1806,343,2
user:1807,79,2
user:1808,275,3
user:1809,280,2
user:1810,280,3
user:1811,76,3
user:1812,391,3
user:1813,491,2
user:1814,380,2
user:1815,346,3
user:1816,264,2
user:1817,400,2
user:1818,437,2
user:1819,9,2
user:1820,291,3
user:1821,343,2
user:1822,62,2
user:1823,248,2
user:1824,292,3
user:1825,391,3
user:1826,176,3
user:1827,193,2
user:1828,425,3
user:1829,424,3
user:1830,387,2
user:1831,276,3
user:1832,198,3
user:1833,324,2
user:1834,456,3
user:1835,147,3
user:1836,132,3
user:1837,116,3
user:1838,156,2
user:1839,76,3
user:1840,163,3
user:1841,491,2
user:1842,498,3
user:1843,230,3
user:1844,247,3
user:1845,104,3
user:1846,443,2
user:1847,355,2
user:1848,220,2
user:1849,441,2
user:1850,401,3
user:1851,111,2
user:1852,331,3
user:1853,294,3
user:1854,19,3
user:1855,257,2
user:1856,20,3
user:1857,64,2
user:1858,447,3
user:1859,389,2
user:1860,404,3
user:1861,125,3
user:1862,7,3
user:1863,116,3
user:1864,106,2
user:1865,460,2
user:1866,438,2
user:1867,396,2
user:1868,497,2
user:1869,76,3
user:1870,121,3
user:1871,204,2
user:1872,118,2
user:1873,442,3
user:1874,477,2
user:1875,305,2
user:1876,16,3
user:1877,300,3
user:1878,13,3
user:1879,155,3
user:1880,461,3
user:1881,187,3
user:1882,278,3
user:1883,330,2
user:1884,2,3
user:1885,429,2
user:1886,338,3
user:1887,408,2
user:1888,90,2
user:1889,109,3
user:1890,176,3
user:1891,400,3
user:1892,14,2
user:1893,217,2
user:1894,296,3
user:1895,118,3
user:1896,200,3
user:1897,227,2
user:1898,170,3
user:1899,329,3
user:1900,475,3
user:1901,331,3
user:1902,29,2
user:1903,118,3
user:1904,223,2
user:1905,361,3
user:1906,426,2
user:1907,118,3
user:1908,458,3
user:1909,209,2
user:1910,373,3
user:1911,131,3
user:1912,176,2
user:1913,157,2
user:1914,310,2
user:1915,166,2
user:1916,3,2
user:1917,32,3
user:1918,90,2
user:1919,78,2
user:1920,1,3
user:1921,53,3
user:1922,130,3
user:1923,279,2
user:1924,187,2
user:1925,483,3
user:1926,338,3
user:1927,414,3
user:1928,202,2
user:1929,414,2
user:1930,429,2
user:1931,485,2
user:1932,292,3
user:1933,102,3
user:1934,248,3
user:1935,90,3
user:1936,164,2
user:1937,202,3
user:1938,224,3
user:1939,319,3
user:1940,45,3
user:1941,148,3
user:1942,118,3
user:1943,340,2
user:1944,210,2
user:1945,166,2
user:1946,304,3
user:1947,319,3
user:1948,24,3
user:1949,20,2
user:1950,344,2
user:1951,124,3
user:1952,35,2
user:1953,172,2
user:1954,242,3
user:1955,151,2
user:1956,444,2
user:1957,418,2
user:1958,343,3
user:1959,180,3
user:1960,311,3
user:1961,390,2
user:1962,445,3
user:1963,360,2
user:1964,181,3
user:1965,33,2
user:1966,348,2
user:1967,263,2
user:1968,369,3
user:1969,220,2
user:1970,189,2
user:1971,405,3
user:1972,498,2
user:1973,202,2
user:1974,71,3
user:1975,288,3
user:1976,489,3
user:1977,429,3
user:1978,196,2
user:1979,232,3
user:1980,62,3
user:1981,58,2
user:1982,364,2
user:1983,192,2
user:1984,460,2
user:1985,122,2
user:1986,444,3
user:1987,293,3
user:1988,493,2
user:1989,372,3
user:1990,130,2
user:1991,477,2
user:1992,191,2
user:1993,267,3
user:1994,24,3
user:1995,11,2
user:1996,262,2
user:1997,366,2
user:1998,365,2
user:1999,19,3
user:2000,276,2
user:2001,158,3
user:2002,482,3
user:2003,354,3
user:2004,438,2
user:2005,429,2
user:2006,321,3
user:2007,334,2
user:2008,63,2
user:2009,277,3
user:2010,221,2
user:2011,258,2
user:2012,356,2
user:2013,294,2
user:2014,427,2
user:2015,149,2
user:2016,357,3
user:2017,188,2
user:2018,131,2
user:2019,325,3
user:2020,443,3
user:2021,325,2
user:2022,226,3
user:2023,219,2
user:2024,74,2
user:2025,186,2
user:2026,286,2
user:2027,288,2
user:2028,36,2
user:2029,245,2
user:2030,183,3
user:2031,476,2
user:2032,226,3
user:2033,68,3
user:2034,131,2
user:2035,389,2
user:2036,175,2
user:2037,200,2
user:2038,388,3
user:2039,215,3
user:2040,285,3
user:2041,12,3
user:2042,227,3
user:2043,456,2
user:2044,452,3
user:2045,223,3
user:2046,274,2
user:2047,144,3
user:2048,78,2
user:2049,172,3
user:2050,247,2
user:2051,45,2
user:2052,151,3
user:2053,274,2
user:2054,93,2
user:2055,257,3
user:2056,5,3
user:2057,226,2
user:2058,37,3
user:2059,187,3
user:2060,14,3
user:2061,142,2
user:2062,38,2
user:2063,111,3
user:2064,475,3
user:2065,249,3
user:2066,174,3
user:2067,366,3
user:2068,107,3
user:2069,147,3
user:2070,16,3
user:2071,204,3
user:2072,102,3
user:2073,376,3
user:2074,99,3
user:2075,8,3
user:2076,390,3
user:2077,180,3
user:2078,176,2
user:2079,292,3
user:2080,319,3
user:2081,388,3
user:2082,496,2
user:2083,370,2
user:2084,194,3
user:2085,259,3
user:2086,481,2
user:2087,101,2
user:2088,192,2
user:2089,441,2
user:2090,257,3
user:2091,336,2
user:2092,469,3
user:2093,406,3
user:2094,160,3
user:2095,5,2
user:2096,337,2
user:2097,315,3
user:2098,440,3
user:2099,283,2
user:2100,260,2
user:2101,254,2
user:2102,80,3
user:2103,382,2
user:2104,482,2
user:2105,150,3
user:2106,318,2
user:2107,264,3
user:2108,18,2
user:2109,449,2
user:2110,131,3
user:2111,484,3
user:2112,330,2
user:2113,298,2
user:2114,180,3
user:2115,415,3
user:2116,457,2
user:2117,7,3
user:2118,405,2
user:2119,257,3
user:2120,498,3
user:2121,21,3
user:2122,221,3
user:2123,98,2
user:2124,307,2
user:2125,441,3
user:2126,24,3
user:2127,213,3
user:2128,451,2
user:2129,388,3
user:2130,443,2
user:2131,422,2
user:2132,435,3
user:2133,58,3
user:2134,135,3
user:2135,45,3
user:2136,459,2
user:2137,376,3
user:2138,139,3
user:2139,406,2
user:2140,428,2
user:2141,4,3
user:2142,186,2
user:2143,317,2
user:2144,237,3
user:2145,264,2
user:2146,157,2
user:2147,191,3
user:2148,357,2
user:2149,202,3
user:2150,246,2
user:2151,192,3
user:2152,46,3
user:2153,74,3
user:2154,242,3
user:2155,302,2
user:2156,74,2
user:2157,8,2
user:2158,233,3
user:2159,267,3
user:2160,171,3
user:2161,415,3
user:2162,408,2
user:2163,106,3
user:2164,1,2
user:2165,487,3
user:2166,72,2
user:2167,230,3
user:2168,306,2
user:2169,210,3
user:2170,398,2
user:2171,247,3
user:2172,22,2
user:2173,373,2
user:2174,383,3
user:2175,158,3
user:2176,1,2
user:2177,427,3
user:2178,432,2
user:2179,433,3
user:2180,186,2
user:2181,377,3
user:2182,480,2
user:2183,425,3
user:2184,457,2
user:2185,43,2
user:2186,36,2
user:2187,98,2
user:2188,73,2
user:2189,148,2
user:2190,34,3
user:2191,290,2
user:2192,83,3
user:2193,108,3
user:2194,420,3
user:2195,91,2
user:2196,290,2
user:2197,312,3
user:2198,412,2
user:2199,367,3
user:2200,331,2
user:2201,390,3
user:2202,440,2
user:2203,148,3
user:2204,196,3
user:2205,126,3
user:2206,327,3
user:2207,324,3
user:2208,492,3
user:2209,213,2
user:2210,363,2
user:2211,44,3
user:2212,80,3
user:2213,438,3
user:2214,29,3
user:2215,244,2
user:2216,210,2
user:2217,237,2
user:2218,216,2
user:2219,440,3
user:2220,123,3
user:2221,239,3
user:2222,442,2
user:2223,246,3
user:2224,145,3
user:2225,13,2
user:2226,197,3
user:2227,74,3
user:2228,138,2
user:2229,235,3
user:2230,222,2
user:2231,61,2
user:2232,303,3
user:2233,334,3
user:2234,177,3
user:2235,58,2
user:2236,158,2
user:2237,489,2
user:2238,384,2
user:2239,396,2
user:2240,197,3
user:2241,461,2
user:2242,2,3
user:2243,176,2
user:2244,111,3
user:2245,308,3
user:2246,236,2
user:2247,44,2
user:2248,122,2
user:2249,492,2
user:2250,410,3
user:2251,192,3
user:2252,429,3
user:2253,165,3
user:2254,4,3
user:2255,313,2
user:2256,453,2
user:2257,201,2
user:2258,491,3
user:2259,334,2
user:2260,38,2
user:2261,91,3
user:2262,149,2
user:2263,488,3
user:2264,494,2
user:2265,367,3
user:2266,264,2
user:2267,187,3
user:2268,360,3
user:2269,83,2
user:2270,3,3
user:2271,147,2
user:2272,46,3
user:2273,177,3
user:2274,56,3
user:2275,423,2
user:2276,13,3
user:2277,196,2
user:2278,470,3
user:2279,292,3
user:2280,466,2
user:2281,456,2
user:2282,5,2
user:2283,358,2
user:2284,84,3
user:2285,123,2
user:2286,181,2
user:2287,377,3
user:2288,134,3
user:2289,83,3
user:2290,109,2
user:2291,490,3
user:2292,422,3
user:2293,186,2
user:2294,91,3
user:2295,430,3
user:2296,357,3
user:2297,67,3
user:2298,408,2
user:2299,296,2
user:2300,67,2
user:2301,287,2
user:2302,160,2
user:2303,105,3
user:2304,366,3
user:2305,414,3
user:2306,471,3
user:2307,154,2
user:2308,18,3
user:2309,492,2
user:2310,354,3
user:2311,120,3
user:2312,198,3
user:2313,6,3
user:2314,11,2
user:2315,436,3
user:2316,194,2
user:2317,48,3
user:2318,356,2
user:2319,155,3
user:2320,361,3
user:2321,357,3
user:2322,63,2
user:2323,394,3
user:2324,66,3
user:2325,251,2
user:2326,481,2
user:2327,423,3
user:2328,319,2
user:2329,239,3
user:2330,298,3
user:2331,118,2
user:2332,42,3
user:2333,227,2
user:2334,427,2
user:2335,239,2
user:2336,460,3
user:2337,279,3
user:2338,144,2
user:2339,454,2
user:2340,330,3
user:2341,289,2
user:2342,111,2
user:2343,39,2
user:2344,322,3
user:2345,273,3
user:2346,56,2
user:2347,404,3
user:2348,130,3
user:2349,161,3
user:2350,466,2
user:2351,441,3
user:2352,492,3
user:2353,68,2
user:2354,346,3
user:2355,136,3
user:2356,126,2
user:2357,24,3
user:2358,205,3
user:2359,37,2
user:2360,205,3
user:2361,9,3
user:2362,156,3
user:2363,399,2
user:2364,358,2
user:2365,392,3
user:2366,173,3
user:2367,261,2
user:2368,310,3
user:2369,57,3
user:2370,261,2
user:2371,206,3
user:2372,219,2
user:2373,23,3
user:2374,50,2
user:2375,278,2
user:2376,373,3
user:2377,312,3
user:2378,5,2
user:2379,320,3
user:2380,404,2
user:2381,151,3
user:2382,265,3
user:2383,477,2
user:2384,341,2
user:2385,306,3
user:2386,327,2
user:2387,188,2
user:2388,290,3
user:2389,462,2
user:2390,140,3
user:2391,276,2
user:2392,288,3
user:2393,55,3
user:2394,425,2
user:2395,70,3
user:2396,336,2
user:2397,369,2
user:2398,379,2
user:2399,67,2
user:2400,407,2
user:2401,471,3
user:2402,258,2
user:2403,283,3
user:2404,238,3
user:2405,252,3
user:2406,158,3
user:2407,250,2
user:2408,25,3
user:2409,383,2
user:2410,201,3
user:2411,59,2
user:2412,165,2
user:2413,471,2
user:2414,200,3
user:2415,451,2
user:2416,63,3
user:2417,21,2
user:2418,279,2
user:2419,162,3
user:2420,63,2
user:2421,68,3
user:2422,321,2
user:2423,112,2
user:2424,455,3
user:2425,448,2
user:2426,64,2
user:2427,36,2
user:2428,113,2
user:2429,208,2
user:2430,88,3
user:2431,293,3
user:2432,202,3
user:2433,56,2
user:2434,406,3
user:2435,383,2
user:2436,72,3
user:2437,41,3
user:2438,337,3
user:2439,146,3
user:2440,331,2
user:2441,362,2
user:2442,331,2
user:2443,164,2
user:2444,330,2
user:2445,267,2
user:2446,427,2
user:2447,119,2
user:2448,177,3
user:2449,462,3
user:2450,25,3
user:2451,197,3
user:2452,173,2
user:2453,351,2
user:2454,226,2
user:2455,130,3
user:2456,12,2
user:2457,128,2
user:2458,487,3
user:2459,99,2
user:2460,323,2
user:2461,414,3
user:2462,474,3
user:2463,0,3
user:2464,189,3
user:2465,168,2
user:2466,24,3
user:2467,468,3
user:2468,499,2
user:2469,488,3
user:2470,248,3
user:2471,143,3
user:2472,78,3
user:2473,279,3
user:2474,422,2
user:2475,328,3
user:2476,331,2
user:2477,428,3
user:2478,436,2
user:2479,50,2
user:2480,200,3
user:2481,247,3
user:2482,214,3
user:2483,476,3
user:2484,102,3
user:2485,410,3
user:2486,195,2
user:2487,312,3
user:2488,98,2
user:2489,2,3
user:2490,113,2
user:2491,498,2
user:2492,414,2
user:2493,57,3
user:2494,37,3
user:2495,483,3
user:2496,103,3
user:2497,112,2
user:2498,314,3
user:2499,347,2
user:2500,493,2
user:2501,369,2
user:2502,293,3
user:2503,251,3
user:2504,273,2
user:2505,474,2
user:2506,458,3
user:2507,4,3
user:2508,491,3
user:2509,264,2
user:2510,319,2
user:2511,496,3
user:2512,419,2
user:2513,56,2
user:2514,217,2
user:2515,357,3
user:2516,244,2
user:2517,139,2
user:2518,466,2
user:2519,437,3
user:2520,241,2
user:2521,169,3
user:2522,50,2
user:2523,77,2
user:2524,86,2
user:2525,10,2
user:2526,428,2
user:2527,202,3
user:2528,253,3
user:2529,394,3
user:2530,323,3
user:2531,369,3
user:2532,438,2
user:2533,405,3
user:2534,214,2
user:2535,275,3
user:2536,255,3
user:2537,389,3
user:2538,119,2
user:2539,128,2
user:2540,26,3
user:2541,307,2
user:2542,144,2
user:2543,392,3
user:2544,278,2
user:2545,443,3
user:2546,155,3
user:2547,139,2
user:2548,184,3
user:2549,61,2
user:2550,344,3
user:2551,108,3
user:2552,24,3
user:2553,264,3
user:2554,396,3
user:2555,84,2
user:2556,351,2
user:2557,318,3
user:2558,388,2
user:2559,348,3
user:2560,474,3
user:2561,104,3
user:2562,33,2
user:2563,255,2
user:2564,474,3
user:2565,160,3
user:2566,324,3
user:2567,407,2
user:2568,427,2
user:2569,472,2
user:2570,154,3
user:2571,485,3
user:2572,169,3
user:2573,233,2
user:2574,470,2
user:2575,479,2
user:2576,396,3
user:2577,283,2
user:2578,44,3
user:2579,448,3
user:2580,109,2
user:2581,284,2
user:2582,486,2
user:2583,409,3
user:2584,385,2
user:2585,433,3
user:2586,172,3
user:2587,82,3
user:2588,226,3
user:2589,180,2
user:2590,325,2
user:2591,20,2
user:2592,205,2
user:2593,418,2
user:2594,64,3
user:2595,39,2
user:2596,465,2
user:2597,59,3
user:2598,353,2
user:2599,440,3
user:2600,117,2
user:2601,219,2
user:2602,371,2
user:2603,181,3
user:2604,422,2
user:2605,420,3
user:2606,478,3
user:2607,43,3
user:2608,211,2
user:2609,337,3
user:2610,72,3
user:2611,251,2
user:2612,335,3
user:2613,86,2
user:2614,316,3
user:2615,178,3
user:2616,40,3
user:2617,435,3
user:2618,377,2
user:2619,498,3
user:2620,41,2
user:2621,70,2
user:2622,6,3
user:2623,37,3
user:2624,194,2
user:2625,228,3
user:2626,19,2
user:2627,153,3
user:2628,97,3
user:2629,32,3
user:2630,431,2
user:2631,108,3
user:2632,65,3
user:2633,329,2
user:2634,254,2
user:2635,255,3
user:2636,428,3
user:2637,120,2
user:2638,226,3
user:2639,295,2
user:2640,238,2
user:2641,441,3
user:2642,495,2
user:2643,488,2
user:2644,468,3
user:2645,121,3
user:2646,69,3
user:2647,412,2
user:2648,29,2
user:2649,359,3
user:2650,166,3
user:2651,288,3
user:2652,380,2
user:2653,470,3
user:2654,379,3
user:2655,374,2
user:2656,327,2
user:2657,397,2
user:2658,441,3
user:2659,116,3
user:2660,90,2
user:2661,289,2
user:2662,187,2
user:2663,53,2
user:2664,28,3
user:2665,493,2
user:2666,207,2
user:2667,404,3
user:2668,478,3
user:2669,261,3
user:2670,40,2
user:2671,363,3
user:2672,468,3
user:2673,330,3
user:2674,165,3
user:2675,341,2
user:2676,184,3
user:2677,250,2
user:2678,451,2
user:2679,294,2
user:2680,386,2
user:2681,474,3
user:2682,158,3
user:2683,234,2
user:2684,142,2
user:2685,234,3
user:2686,21,3
user:2687,218,2
user:2688,78,2
user:2689,138,3
user:2690,401,3
user:2691,366,3
user:2692,50,3
user:2693,210,3
user:2694,477,3
user:2695,414,2
user:2696,20,3
user:2697,304,2
user:2698,421,3
user:2699,347,2
user:2700,128,3
user:2701,374,3
user:2702,13,2
user:2703,413,3
user:2704,382,3
user:2705,71,3
user:2706,173,3
user:2707,118,3
user:2708,134,3
user:2709,2,2
user:2710,430,2
user:2711,349,2
user:2712,444,3
user:2713,205,2
user:2714,366,2
user:2715,359,3
user:2716,232,2
user:2717,83,2
user:2718,204,3
user:2719,152,3
user:2720,92,3
user:2721,18,2
user:2722,206,3
user:2723,208,2
user:2724,433,3
user:2725,367,2
user:2726,234,2
user:2727,43,2
user:2728,169,3
user:2729,293,3
user:2730,368,3
user:2731,299,2
user:2732,456,2
user:2733,143,2
user:2734,145,2
user:2735,400,2
user:2736,89,3
user:2737,137,2
user:2738,131,2
user:2739,264,3
user:2740,478,2
user:2741,153,2
user:2742,150,3
user:2743,217,2
user:2744,247,3
user:2745,229,3
user:2746,250,3
user:2747,472,2
user:2748,370,2
user:2749,209,3
user:2750,95,3
user:2751,469,2
user:2752,386,3
user:2753,87,2
user:2754,243,3
user:2755,389,2
user:2756,143,3
user:2757,168,3
user:2758,450,3
user:2759,345,3
user:2760,202,3
user:2761,88,2
user:2762,416,3
user:2763,79,3
user:2764,437,3
user:2765,83,2
user:2766,102,2
user:2767,434,2
user:2768,96,3
user:2769,97,3
user:2770,61,3
user:2771,0,3
user:2772,42,2
user:2773,438,3
user:2774,472,2
user:2775,59,2
user:2776,107,2
user:2777,198,3
user:2778,396,3
user:2779,336,2
user:2780,34,3
user:2781,24,2
user:2782,75,2
user:2783,98,3
user:2784,179,2
user:2785,135,2
user:2786,431,3
user:2787,293,3
user:2788,248,2
user:2789,129,3
user:2790,271,3
user:2791,245,2
user:2792,56,2
user:2793,201,3
user:2794,74,3
user:2795,344,3
user:2796,439,3
user:2797,340,3
user:2798,91,2
user:2799,282,2
user:2800,198,2
user:2801,428,3
user:2802,428,3
user:2803,84,3
user:2804,97,2
user:2805,377,2
user:2806,138,3
user:2807,83,3
user:2808,271,2
user:2809,86,3
user:2810,328,2
user:2811,463,3
user:2812,15,3
user:2813,16,2
user:2814,185,2
user:2815,171,3
user:2816,346,2
user:2817,68,3
user:2818,314,3
user:2819,275,3
user:2820,324,2
user:2821,268,2
user:2822,231,2
user:2823,274,2
user:2824,111,2
user:2825,438,2
user:2826,359,3
user:2827,439,3
user:2828,353,2
user:2829,118,3
user:2830,379,2
user:2831,484,3
user:2832,492,3
user:2833,467,2
user:2834,285,2
user:2835,201,3
user:2836,271,3
user:2837,238,2
user:2838,60,3
user:2839,201,3
user:2840,218,3
user:2841,165,3
user:2842,431,2
user:2843,30,2
user:2844,116,3
user:2845,240,3
user:2846,198,2
user:2847,201,2
user:2848,492,2
user:2849,413,2
user:2850,272,3
user:2851,101,2
user:2852,430,3
user:2853,123,2
user:2854,98,2
user:2855,289,2
user:2856,53,3
user:2857,436,3
user:2858,290,3
user:2859,384,3
user:2860,342,3
user:2861,228,3
user:2862,419,2
user:2863,105,3
user:2864,21,3
user:2865,467,3
user:2866,44,2
user:2867,470,3
user:2868,72,3
user:2869,119,2
user:2870,234,2
user:2871,299,3
user:2872,84,3
user:2873,102,2
user:2874,8,2
user:2875,424,3
user:2876,454,2
user:2877,436,3
user:2878,311,2
user:2879,395,2
user:2880,164,2
user:2881,451,2
user:2882,353,3
user:2883,30,3
user:2884,195,2
user:2885,402,3
user:2886,356,2
user:2887,311,3
user:2888,355,3
user:2889,323,3
user:2890,1,3
user:2891,476,2
user:2892,217,3
user:2893,270,3
user:2894,109,2
user:2895,104,3
user:2896,38,3
user:2897,296,2
user:2898,382,2
user:2899,88,3
user:2900,56,3
user:2901,152,2
user:2902,282,3
user:2903,149,2
user:2904,209,3
user:2905,181,2
user:2906,464,3
user:2907,410,2
user:2908,406,2
user:2909,261,3
user:2910,472,3
user:2911,87,3
user:2912,171,2
user:2913,467,2
user:2914,240,2
user:2915,10,2
user:2916,39,2
user:2917,246,2
user:2918,306,2
user:2919,491,2
user:2920,391,3
user:2921,1,3
user:2922,490,2
user:2923,22,2
user:2924,434,3
user:2925,426,3
user:2926,180,2
user:2927,328,3
user:2928,401,2
user:2929,252,2
user:2930,258,3
user:2931,84,3
user:2932,97,2
user:2933,340,2
user:2934,112,3
user:2935,429,3
user:2936,307,2
user:2937,152,3
user:2938,105,3
user:2939,426,3
user:2940,169,2
user:2941,156,2
user:2942,319,2
user:2943,297,2
user:2944,44,3
user:2945,131,3
user:2946,332,2
user:2947,1,3
user:2948,23,2
user:2949,130,3
user:2950,288,2
user:2951,200,3
user:2952,166,3
user:2953,62,3
user:2954,482,3
user:2955,193,2
user:2956,225,3
user:2957,394,3
user:2958,199,2
user:2959,138,2
user:2960,81,3
user:2961,3,3
user:2962,66,2
user:2963,215,3
user:2964,305,2
user:2965,9,3
user:2966,213,2
user:2967,380,2
user:2968,266,2
user:2969,206,2
user:2970,74,3
user:2971,498,2
user:2972,445,3
user:2973,337,2
user:2974,257,3
user:2975,413,2
user:2976,110,2
user:2977,2,2
user:2978,461,2
user:2979,432,2
user:2980,310,2
user:2981,383,3
user:2982,42,2
user:2983,245,3
user:2984,180,3
user:2985,317,2
user:2986,425,3
user:2987,8,2
user:2988,346,3
user:2989,434,2
user:2990,204,2
user:2991,156,3
user:2992,313,3
user:2993,158,2
user:2994,408,3
user:2995,472,2
user:2996,47,2
user:2997,398,3
user:2998,67,2
user:2999,85,3
user:3000,70,3
user:3001,68,2
user:3002,402,2
user:3003,286,3
user:3004,261,2
user:3005,404,2
user:3006,149,2
user:3007,3,2
user:3008,199,3
user:3009,159,3
user:3010,224,2
user:3011,266,3
user:3012,264,2
user:3013,327,2
user:3014,176,3
user:3015,207,2
user:3016,411,2
user:3017,465,3
user:3018,103,2
user:3019,436,2
user:3020,450,3
user:3021,47,3
user:3022,465,2
user:3023,129,3
user:3024,355,2
user:3025,455,3
user:3026,492,2
user:3027,219,3
user:3028,114,2
user:3029,359,2
user:3030,186,2
user:3031,368,3
user:3032,344,3
user:3033,225,3
user:3034,189,3
user:3035,254,2
user:3036,400,2
user:3037,83,2
user:3038,139,3
user:3039,250,3
user:3040,472,2
user:3041,455,2
user:3042,447,2
user:3043,209,2
user:3044,168,3
user:3045,53,3
user:3046,275,3
user:3047,409,2
user:3048,426,2
user:3049,368,2
user:3050,386,2
user:3051,131,3
user:3052,93,2
user:3053,276,2
user:3054,362,3
user:3055,437,3
user:3056,382,2
user:3057,78,2
user:3058,158,2
user:3059,456,3
user:3060,494,2
user:3061,194,3
user:3062,283,2
user:3063,322,2
user:3064,28,2
user:3065,275,3
user:3066,413,3
user:3067,458,2
user:3068,469,2
user:3069,90,2
user:3070,99,3
user:3071,6,3
user:3072,372,3
user:3073,393,3
user:3074,268,3
user:3075,26,3
user:3076,70,2
user:3077,313,3
user:3078,124,2
user:3079,7,2
user:3080,115,2
user:3081,474,2
user:3082,89,2
user:3083,284,3
user:3084,353,3
user:3085,131,3
user:3086,400,2
user:3087,205,3
user:3088,2,3
user:3089,103,3
user:3090,23,3
user:3091,205,2
user:3092,283,2
user:3093,112,3
user:3094,55,3
user:3095,468,3
user:3096,177,3
user:3097,394,3
user:3098,353,2
user:3099,472,2
user:3100,82,3
user:3101,117,2
user:3102,196,3
user:3103,481,3
user:3104,205,3
user:3105,135,2
user:3106,354,2
user:3107,499,3
user:3108,249,2
user:3109,44,2
user:3110,61,2
user:3111,203,3
user:3112,49,3
user:3113,340,2
user:3114,471,3
user:3115,109,2
user:3116,87,3
user:3117,141,2
user:3118,334,3
user:3119,53,2
user:3120,395,3
user:3121,61,2
user:3122,260,3
user:3123,22,2
user:3124,219,2
user:3125,310,2
user:3126,100,2
user:3127,25,2
user:3128,377,3
user:3129,439,3
user:3130,152,2
user:3131,423,2
user:3132,180,3
user:3133,451,3
user:3134,92,3
user:3135,51,2
user:3136,345,3
user:3137,129,2
user:3138,234,2
user:3139,495,2
user:3140,312,3
user:3141,6,2
user:3142,456,3
user:3143,84,2
user:3144,470,2
user:3145,304,2
user:3146,352,3
user:3147,443,3
user:3148,300,3
user:3149,31,2
user:3150,436,2
user:3151,469,2
user:3152,84,3
user:3153,130,2
user:3154,493,3
user:3155,137,2
user:3156,332,3
user:3157,182,2
user:3158,458,2
user:3159,316,3
user:3160,300,3
user:3161,172,2
user:3162,491,2
user:3163,167,2
user:3164,461,2
user:3165,204,2
user:3166,261,3
user:3167,189,2
user:3168,59,3
user:3169,364,2
user:3170,258,3
user:3171,171,2
user:3172,411,3
user:3173,59,2
user:3174,309,2
user:3175,92,3
user:3176,395,3
user:3177,262,2
user:3178,352,2
user:3179,481,2
user:3180,152,2
user:3181,22,3
user:3182,371,3
user:3183,305,2
user:3184,320,3
user:3185,453,2
user:3186,323,2
user:3187,213,2
user:3188,233,2
user:3189,151,2
user:3190,274,3
user:3191,298,3
user:3192,370,2
user:3193,103,3
user:3194,397,2
user:3195,77,2
user:3196,450,2
user:3197,187,3
user:3198,440,2
user:3199,29,3
user:3200,463,3
user:3201,249,3
user:3202,189,2
user:3203,292,3
user:3204,90,2
user:3205,53,3
user:3206,481,3
user:3207,110,2
user:3208,355,2
user:3209,83,2
user:3210,263,3
user:3211,130,2
user:3212,78,3
user:3213,258,2
user:3214,212,2
user:3215,396,3
user:3216,102,3
user:3217,82,3
user:3218,477,2
user:3219,235,3
user:3220,15,2
user:3221,126,3
user:3222,87,2
user:3223,210,3
user:3224,63,2
user:3225,469,2
user:3226,174,2
user:3227,467,2
user:3228,181,2
user:3229,391,3
user:3230,192,2
user:3231,46,3
user:3232,99,3
user:3233,117,3
user:3234,410,2
user:3235,189,2
user:3236,251,3
user:3237,351,3
user:3238,45,2
user:3239,182,3
user:3240,253,3
user:3241,145,3
user:3242,38,3
user:3243,494,3
user:3244,42,3
user:3245,358,2
user:3246,67,3
user:3247,309,3
user:3248,318,2
user:3249,41,3
user:3250,79,2
user:3251,20,2
user:3252,289,2
user:3253,84,3
user:3254,246,3
user:3255,358,3
user:3256,331,3
user:3257,327,3
user:3258,455,3
user:3259,128,2
user:3260,16,3
user:3261,105,3
user:3262,111,3
user:3263,367,3
user:3264,141,2
user:3265,357,3
user:3266,263,2
user:3267,328,2
user:3268,251,3
user:3269,473,3
user:3270,261,3
user:3271,347,3
user:3272,349,2
user:3273,492,3
user:3274,411,2
user:3275,473,2
user:3276,411,3
user:3277,89,2
user:3278,340,3
user:3279,216,3
user:3280,9,2
user:3281,19,3
user:3282,52,3
user:3283,357,3
user:3284,338,2
user:3285,281,2
user:3286,450,3
user:3287,9,3
user:3288,145,2
user:3289,282,2
user:3290,386,3
user:3291,3,2
user:3292,78,2
user:3293,152,2
user:3294,135,2
user:3295,205,3
user:3296,222,2
user:3297,164,3
user:3298,10,3
user:3299,12,3
user:3300,120,3
user:3301,368,2
user:3302,181,2
user:3303,110,2
user:3304,371,3
user:3305,125,2
user:3306,141,3
user:3307,499,3
user:3308,454,2
user:3309,173,2
user:3310,116,3
user:3311,385,2
user:3312,263,3
user:3313,188,2
user:3314,143,3
user:3315,268,2
user:3316,399,2
user:3317,80,2
user:3318,410,3
user:3319,425,3
user:3320,172,2
user:3321,332,2
user:3322,428,2
user:3323,479,3
user:3324,315,2
user:3325,257,2
user:3326,496,2
user:3327,418,3
user:3328,386,2
user:3329,422,3
user:3330,416,3
user:3331,202,2
user:3332,406,3
user:3333,303,3
user:3334,374,2
user:3335,28,3
user:3336,248,2
user:3337,408,3
user:3338,374,2
user:3339,391,2
user:3340,473,2
user:3341,207,3
user:3342,168,3
user:3343,308,2
user:3344,227,2
user:3345,146,2
user:3346,67,2
user:3347,396,3
user:3348,73,3
user:3349,411,3
user:3350,141,3
user:3351,16,2
user:3352,69,3
user:3353,341,3
user:3354,289,3
user:3355,302,2
user:3356,191,2
user:3357,29,2
user:3358,289,2
user:3359,192,3
user:3360,172,3
user:3361,208,2
user:3362,467,2
user:3363,474,3
user:3364,142,3
user:3365,390,3
user:3366,278,2
user:3367,430,3
user:3368,472,3
user:3369,104,3
user:3370,144,3
user:3371,337,2
user:3372,45,2
user:3373,219,2
user:3374,88,3
user:3375,444,2
user:3376,253,3
user:3377,480,3
user:3378,286,2
user:3379,15,2
user:3380,349,3
user:3381,354,2
user:3382,374,3
user:3383,113,2
user:3384,408,3
user:3385,138,3
user:3386,479,3
user:3387,125,2
user:3388,495,2
user:3389,82,2
user:3390,169,2
user:3391,351,2
user:3392,310,3
user:3393,418,3
user:3394,200,3
user:3395,87,2
user:3396,442,2
user:3397,229,3
user:3398,179,3
user:3399,254,3
user:3400,80,3
user:3401,40,3
user:3402,482,2
user:3403,495,2
user:3404,407,3
user:3405,341,3
user:3406,48,2
user:3407,93,2
user:3408,161,2
user:3409,461,3
user:3410,405,2
user:3411,168,2
user:3412,272,3
user:3413,344,3
user:3414,99,3
user:3415,376,2
user:3416,221,2
user:3417,241,2
user:3418,489,2
user:3419,173,2
user:3420,283,2
user:3421,269,3
user:3422,172,3
user:3423,293,2
user:3424,56,2
user:3425,28,2
user:3426,169,2
user:3427,185,3
user:3428,223,3
user:3429,176,3
user:3430,311,2
user:3431,11,2
user:3432,268,3
user:3433,388,2
user:3434,164,2
user:3435,231,2
user:3436,447,3
user:3437,113,3
user:3438,183,2
user:3439,387,2
user:3440,131,2
user:3441,361,3
user:3442,196,2
user:3443,433,2
user:3444,215,2
user:3445,6,2
user:3446,228,2
user:3447,317,2
user:3448,174,2
user:3449,205,2
user:3450,98,2
user:3451,39,3
user:3452,436,2
user:3453,47,2
user:3454,160,2
user:3455,45,3
user:3456,143,3
user:3457,465,2
user:3458,27,3
user:3459,123,3
user:3460,42,2
user:3461,237,2
user:3462,85,2
user:3463,381,3
user:3464,121,2
user:3465,76,3
user:3466,80,2
user:3467,470,3
user:3468,339,3
user:3469,407,3
user:3470,100,2
user:3471,420,3
user:3472,218,2
user:3473,392,2
user:3474,249,2
user:3475,304,3
user:3476,289,2
user:3477,112,3
user:3478,382,2
user:3479,460,3
user:3480,364,2
user:3481,93,3
user:3482,301,2
user:3483,102,2
user:3484,352,2
user:3485,466,2
user:3486,390,3
user:3487,450,2
user:3488,361,2
user:3489,119,2
user:3490,244,3
user:3491,414,3
user:3492,74,3
user:3493,95,2
user:3494,438,3
user:3495,421,3
user:3496,477,2
user:3497,328,2
user:3498,220,2
user:3499,179,2
user:3500,284,3
user:3501,482,3
user:3502,8,3
user:3503,486,3
user:3504,495,2
user:3505,276,2
user:3506,244,2
user:3507,206,2
user:3508,377,3
user:3509,161,3
user:3510,309,3
user:3511,109,3
user:3512,239,2
user:3513,76,3
user:3514,366,3
user:3515,68,2
user:3516,260,2
user:3517,285,3
user:3518,214,3
user:3519,475,2
user:3520,257,2
user:3521,467,2
user:3522,435,2
user:3523,306,3
user:3524,197,2
user:3525,245,2
user:3526,314,2
user:3527,412,2
user:3528,410,3
user:3529,319,2
user:3530,299,2
user:3531,471,2
user:3532,393,2
user:3533,153,2
user:3534,480,2
user:3535,459,3
user:3536,317,2
user:3537,436,3
user:3538,352,2
user:3539,136,3
user:3540,287,2
user:3541,93,3
user:3542,424,2
user:3543,261,2
user:3544,151,2
user:3545,156,3
user:3546,13,2
user:3547,141,3
user:3548,152,2
user:3549,206,2
user:3550,397,2
user:3551,145,3
user:3552,467,2
user:3553,332,3
user:3554,330,3
user:3555,481,3
user:3556,221,2
user:3557,275,2
user:3558,263,3
user:3559,321,2
user:3560,340,2
user:3561,463,2
user:3562,496,3
user:3563,340,3
user:3564,185,2
user:3565,100,2
user:3566,334,2
user:3567,282,3
user:3568,217,2
user:3569,313,3
user:3570,254,3
user:3571,418,2
user:3572,38,3
user:3573,111,2
user:3574,469,3
user:3575,125,3
user:3576,22,3
user:3577,14,2
user:3578,222,2
user:3579,316,2
user:3580,352,3
user:3581,241,2
user:3582,63,2
user:3583,104,2
user:3584,170,3
user:3585,257,3
user:3586,352,3
user:3587,380,3
user:3588,223,3
user:3589,249,2
user:3590,169,2
user:3591,390,2
user:3592,266,2
user:3593,326,2
user:3594,320,2
user:3595,12,3
user:3596,210,2
user:3597,291,2
user:3598,142,2
user:3599,93,3
user:3600,413,2
user:3601,307,3
user:3602,296,3
user:3603,95,3
user:3604,261,3
user:3605,151,3
user:3606,308,3
user:3607,281,3
user:3608,146,2
user:3609,482,2
user:3610,158,2
user:3611,297,3
user:3612,202,3
user:3613,201,3
user:3614,266,3
user:3615,297,2
user:3616,165,3
user:3617,16,3
user:3618,337,3
user:3619,152,2
user:3620,23,3
user:3621,239,3
user:3622,101,3
user:3623,355,3
user:3624,131,3
user:3625,159,2
user:3626,107,3
user:3627,430,3
user:3628,303,2
user:3629,32,3
user:3630,365,3
user:3631,471,2
user:3632,458,2
user:3633,343,3
user:3634,260,3
user:3635,441,2
user:3636,236,2
user:3637,454,2
user:3638,337,3
user:3639,455,3
user:3640,108,3
user:3641,144,3
user:3642,230,3
user:3643,41,2
user:3644,372,2
user:3645,307,2
user:3646,186,2
user:3647,278,3
user:3648,73,3
user:3649,236,3
user:3650,364,3
user:3651,228,2
user:3652,276,2
user:3653,462,3
user:3654,294,3
user:3655,283,2
user:3656,302,2
user:3657,57,3
user:3658,136,2
user:3659,356,2
user:3660,458,2
user:3661,145,2
user:3662,108,3
user:3663,306,3
user:3664,2,3
user:3665,66,2
user:3666,262,2
user:3667,97,3
user:3668,47,2
user:3669,279,3
user:3670,26,2
user:3671,423,2
user:3672,335,3
user:3673,56,2
user:3674,270,2
user:3675,426,2
user:3676,305,2
user:3677,432,2
user:3678,450,2
user:3679,148,2
user:3680,170,3
user:3681,157,2
user:3682,217,2
user:3683,24,3
user:3684,190,2
user:3685,50,2
user:3686,247,3
user:3687,41,2
user:3688,181,3
user:3689,249,3
user:3690,369,2
user:3691,107,3
user:3692,328,3
user:3693,270,2
user:3694,6,2
user:3695,298,2
user:3696,184,2
user:3697,156,3
user:3698,280,2
user:3699,332,3
user:3700,364,2
user:3701,234,3
user:3702,85,2
user:3703,37,3
user:3704,263,3
user:3705,95,2
user:3706,340,2
user:3707,44,2
user:3708,273,2
user:3709,464,2
user:3710,77,2
user:3711,110,2
user:3712,337,2
user:3713,9,3
user:3714,476,3
user:3715,262,2
user:3716,370,3
user:3717,452,2
user:3718,449,3
user:3719,381,3
user:3720,441,3
user:3721,6,3
user:3722,322,2
user:3723,406,3
user:3724,351,3
user:3725,289,2
user:3726,230,2
user:3727,75,2
user:3728,146,2
user:3729,271,3
user:3730,296,3
user:3731,433,3
user:3732,346,3
user:3733,235,2
user:3734,249,2
user:3735,382,3
user:3736,142,2
user:3737,435,2
user:3738,159,2
user:3739,121,3
user:3740,67,3
user:3741,292,3
user:3742,50,3
user:3743,156,2
user:3744,141,2
user:3745,19,3
user:3746,225,3
user:3747,421,2
user:3748,292,2
user:3749,445,2
user:3750,236,3
user:3751,160,3
user:3752,386,2
user:3753,176,2
user:3754,57,3
user:3755,367,3
user:3756,3,3
user:3757,379,3
user:3758,123,3
user:3759,444,2
user:3760,180,2
user:3761,110,2
user:3762,78,2
user:3763,216,2
user:3764,179,3
user:3765,86,3
user:3766,197,3
user:3767,47,2
user:3768,451,2
user:3769,140,3
user:3770,159,3
user:3771,59,3
user:3772,313,2
user:3773,425,2
user:3774,11,3
user:3775,374,2
user:3776,34,2
user:3777,35,3
user:3778,386,3
user:3779,312,3
user:3780,390,2
user:3781,287,2
user:3782,265,3
user:3783,180,3
user:3784,433,2
user:3785,347,3
user:3786,299,3
user:3787,97,2
user:3788,167,3
user:3789,187,3
user:3790,457,3
user:3791,259,3
user:3792,485,2
user:3793,112,2
user:3794,72,2
user:3795,163,3
user:3796,230,3
user:3797,188,3
user:3798,89,2
user:3799,35,3
user:3800,449,2
user:3801,392,2
user:3802,169,3
user:3803,105,3
user:3804,406,3
user:3805,225,3
user:3806,81,3
user:3807,384,2
user:3808,190,3
user:3809,286,2
user:3810,185,3
user:3811,278,3
user:3812,281,2
user:3813,482,3
user:3814,116,2
user:3815,150,2
user:3816,227,3
user:3817,131,3
user:3818,178,2
user:3819,430,3
user:3820,141,2
user:3821,132,2
user:3822,314,2
user:3823,420,2
user:3824,67,2
user:3825,265,3
user:3826,430,3
user:3827,183,2
user:3828,326,2
user:3829,371,3
user:3830,232,2
user:3831,286,3
user:3832,347,2
user:3833,336,3
user:3834,214,3
user:3835,143,3
user:3836,75,2
user:3837,275,2
user:3838,309,3
user:3839,396,3
user:3840,449,3
user:3841,258,3
user:3842,239,3
user:3843,18,3
user:3844,107,2
user:3845,175,3
user:3846,19,2
user:3847,279,2
user:3848,369,2
user:3849,73,3
user:3850,98,3
user:3851,283,2
user:3852,259,3
user:3853,334,2
user:3854,100,3
user:3855,493,3
user:3856,250,2
user:3857,54,2
user:3858,157,2
user:3859,3,2
user:3860,165,2
user:3861,353,3
user:3862,368,3
user:3863,331,2
user:3864,106,3
user:3865,53,2
user:3866,450,3
user:3867,116,2
user:3868,71,2
user:3869,365,2
user:3870,238,2
user:3871,394,3
user:3872,404,2
user:3873,201,3
user:3874,262,3
user:3875,38,2
user:3876,4,2
user:3877,176,3
user:3878,207,2
user:3879,492,2
user:3880,284,3
user:3881,193,3
user:3882,231,2
user:3883,135,2
user:3884,141,3
user:3885,158,2
user:3886,172,2
user:3887,457,2
user:3888,319,2
user:3889,25,2
user:3890,388,2
user:3891,176,2
user:3892,345,2
user:3893,320,3
user:3894,90,2
user:3895,73,3
user:3896,356,2
user:3897,162,2
user:3898,216,2
user:3899,67,3
user:3900,480,3
user:3901,109,2
user:3902,105,2
user:3903,445,3
user:3904,98,3
user:3905,255,2
user:3906,405,2
user:3907,224,2
user:3908,198,2
user:3909,101,2
user:3910,393,3
user:3911,267,2
user:3912,198,2
user:3913,138,3
user:3914,130,3
user:3915,133,3
user:3916,71,3
user:3917,397,2
user:3918,100,3
user:3919,76,2
user:3920,283,2
user:3921,478,2
user:3922,283,3
user:3923,220,2
user:3924,23,3
user:3925,136,3
user:3926,380,3
user:3927,185,3
user:3928,449,2
user:3929,39,3
user:3930,218,3
user:3931,306,3
user:3932,159,2
user:3933,179,2
user:3934,159,2
user:3935,133,2
user:3936,358,3
user:3937,207,2
user:3938,218,2
user:3939,41,2
user:3940,220,2
user:3941,144,2
user:3942,371,3
user:3943,104,3
user:3944,252,2
user:3945,475,2
user:3946,477,2
user:3947,325,3
user:3948,498,2
user:3949,73,2
user:3950,50,3
user:3951,394,3
user:3952,274,2
user:3953,281,3
user:3954,51,2
user:3955,380,2
user:3956,194,3
user:3957,173,2
user:3958,277,3
user:3959,139,3
user:3960,126,3
user:3961,167,2
user:3962,329,3
user:3963,208,2
user:3964,303,3
user:3965,175,3
user:3966,109,2
user:3967,120,3
user:3968,244,3
user:3969,370,3
user:3970,234,2
user:3971,360,3
user:3972,256,3
user:3973,471,3
user:3974,243,3
user:3975,113,2
user:3976,239,3
user:3977,96,2
user:3978,447,3
user:3979,16,2
user:3980,159,2
user:3981,358,2
user:3982,290,3
user:3983,361,2
user:3984,52,3
user:3985,318,3
user:3986,102,2
user:3987,17,2
user:3988,100,2
user:3989,273,3
user:3990,160,2
user:3991,362,2
user:3992,318,2
user:3993,109,3
user:3994,24,2
user:3995,126,2
user:3996,129,3
user:3997,106,3
user:3998,193,3
user:3999,327,3
user:4000,130,2
user:4001,88,2
user:4002,185,2
user:4003,409,3
user:4004,112,2
user:4005,242,2
user:4006,274,3
user:4007,231,2
user:4008,458,3
user:4009,258,3
user:4010,202,2
user:4011,246,3
user:4012,328,3
user:4013,130,2
user:4014,328,2
user:4015,72,3
user:4016,155,3
user:4017,50,3
user:4018,322,2
user:4019,116,2
user:4020,260,2
user:4021,323,3
user:4022,171,3
user:4023,11,2
user:4024,66,2
user:4025,104,3
user:4026,433,2
user:4027,439,2
user:4028,191,2
user:4029,13,2
user:4030,374,3
user:4031,245,2
user:4032,409,3
user:4033,363,2
user:4034,330,3
user:4035,343,2
user:4036,311,3
user:4037,252,3
user:4038,365,3
user:4039,61,3
user:4040,203,3
user:4041,241,2
user:4042,10,2
user:4043,397,2
user:4044,199,3
user:4045,148,3
user:4046,164,2
user:4047,148,3
user:4048,161,3
user:4049,208,3
user:4050,464,3
user:4051,427,3
user:4052,129,2
user:4053,470,2
user:4054,248,2
user:4055,375,3
user:4056,69,3
user:4057,294,2
user:4058,21,3
user:4059,217,3
user:4060,316,3
user:4061,199,3
user:4062,163,2
user:4063,369,3
user:4064,317,2
user:4065,111,3
user:4066,427,3
user:4067,447,2
user:4068,308,2
user:4069,205,2
user:4070,156,3
user:4071,336,3
user:4072,373,2
user:4073,135,3
user:4074,483,2
user:4075,427,3
user:4076,376,2
user:4077,353,3
user:4078,179,2
user:4079,223,3
user:4080,82,3
user:4081,113,3
user:4082,182,3
user:4083,228,2
user:4084,377,3
user:4085,451,2
user:4086,290,2
user:4087,407,3
user:4088,357,2
user:4089,71,2
user:4090,393,3
user:4091,17,2
user:4092,172,2
user:4093,99,3
user:4094,62,2
user:4095,257,2
user:4096,394,2
user:4097,41,3
user:4098,310,2
user:4099,460,3
user:4100,340,2
user:4101,110,2
user:4102,256,2
user:4103,14,2
user:4104,204,3
user:4105,251,2
user:4106,453,3
user:4107,222,2
user:4108,8,3
user:4109,295,2
user:4110,140,2
user:4111,73,3
user:4112,375,2
user:4113,116,2
user:4114,172,2
user:4115,206,2
user:4116,297,3
user:4117,47,2
user:4118,453,3
user:4119,371,2
user:4120,89,2
user:4121,47,3
user:4122,225,3
user:4123,302,2
user:4124,450,2
user:4125,265,2
user:4126,137,2
user:4127,213,2
user:4128,53,3
user:4129,162,3
user:4130,108,2
user:4131,25,2
user:4132,391,3
user:4133,294,2
user:4134,91,2
user:4135,488,3
user:4136,131,2
user:4137,153,3
user:4138,455,3
user:4139,80,2
user:4140,34,3
user:4141,182,2
user:4142,334,2
user:4143,359,3
user:4144,90,2
user:4145,162,2
user:4146,450,3
user:4147,477,3
user:4148,338,3
user:4149,170,3
user:4150,55,2
user:4151,125,3
user:4152,474,3
user:4153,156,2
user:4154,319,3
user:4155,479,3
user:4156,181,3
user:4157,481,3
user:4158,210,3
user:4159,98,3
user:4160,292,3
user:4161,407,2
user:4162,75,3
user:4163,262,3
user:4164,288,2
user:4165,55,2
user:4166,386,2
user:4167,431,2
user:4168,274,3
user:4169,325,3
user:4170,351,2
user:4171,314,3
user:4172,60,2
user:4173,59,2
user:4174,326,2
user:4175,0,3
user:4176,129,3
user:4177,488,2
user:4178,252,3
user:4179,219,2
user:4180,261,3
user:4181,71,3
user:4182,123,3
user:4183,23,3
user:4184,318,2
user:4185,375,2
user:4186,284,3
user:4187,76,2
user:4188,170,2
user:4189,4,3
user:4190,187,2
user:4191,262,2
user:4192,19,2
user:4193,392,3
user:4194,55,2
user:4195,470,2
user:4196,419,3
user:4197,428,3
user:4198,260,2
user:4199,257,3
user:4200,44,3
user:4201,450,2
user:4202,72,3
user:4203,485,3
user:4204,359,2
user:4205,109,3
user:4206,345,2
user:4207,167,3
user:4208,142,3
user:4209,435,2
user:4210,54,3
user:4211,432,3
user:4212,418,3
user:4213,169,2
user:4214,54,2
user:4215,437,2
user:4216,198,2
user:4217,74,3
user:4218,338,3
user:4219,28,2
user:4220,64,2
user:4221,423,3
user:4222,495,3
user:4223,105,3
user:4224,6,3
user:4225,294,2
user:4226,70,2
user:4227,452,3
user:4228,80,2
user:4229,80,2
user:4230,459,3
user:4231,214,3
user:4232,383,3
user:4233,326,2
user:4234,484,3
user:4235,259,3
user:4236,497,3
user:4237,78,2
user:4238,289,2
user:4239,409,2
user:4240,43,2
user:4241,390,2
user:4242,222,3
user:4243,331,3
user:4244,162,2
user:4245,8,3
user:4246,407,3
user:4247,420,3
user:4248,257,2
user:4249,485,2
user:4250,242,2
user:4251,99,3
user:4252,37,3
user:4253,153,3
user:4254,159,2
user:4255,259,2
user:4256,466,2
user:4257,355,2
user:4258,26,3
user:4259,461,2
user:4260,440,3
user:4261,331,2
user:4262,208,2
user:4263,99,3
user:4264,117,3
user:4265,397,2
user:4266,382,2
user:4267,385,3
user:4268,83,2
user:4269,325,3
user:4270,358,3
user:4271,395,3
user:4272,147,2
user:4273,357,2
user:4274,289,2
user:4275,354,3
user:4276,380,2
user:4277,344,2
user:4278,313,3
user:4279,473,3
user:4280,130,2
user:4281,307,3
user:4282,354,2
user:4283,425,3
user:4284,104,3
user:4285,44,3
user:4286,497,3
user:4287,400,3
user:4288,260,2
user:4289,12,2
user:4290,55,3
user:4291,280,3
user:4292,139,2
user:4293,298,3
user:4294,183,2
user:4295,98,3
user:4296,449,3
user:4297,420,3
user:4298,104,2
user:4299,302,3
user:4300,147,2
user:4301,2,3
user:4302,315,3
user:4303,290,2
user:4304,442,2
user:4305,145,2
user:4306,351,3
user:4307,301,3
user:4308,144,3
user:4309,351,3
user:4310,21,2
user:4311,459,2
user:4312,487,3
user:4313,423,2
user:4314,307,3
user:4315,181,3
user:4316,56,2
user:4317,125,2
user:4318,438,3
user:4319,178,3
user:4320,224,3
user:4321,149,2
user:4322,474,3
user:4323,417,2
user:4324,4,2
user:4325,169,3
user:4326,117,3
user:4327,253,2
user:4328,63,3
user:4329,242,2
user:4330,281,3
user:4331,371,3
user:4332,136,2
user:4333,354,2
user:4334,369,3
user:4335,247,2
user:4336,475,3
user:4337,186,3
user:4338,90,2
user:4339,96,3
user:4340,499,3
user:4341,449,3
user:4342,56,3
user:4343,119,3
user:4344,210,2
user:4345,250,2
user:4346,318,3
user:4347,379,2
user:4348,29,3
user:4349,460,3
user:4350,470,2
user:4351,282,2
user:4352,120,3
user:4353,482,3
user:4354,370,2
user:4355,431,3
user:4356,398,2
user:4357,90,3
user:4358,29,2
user:4359,47,2
user:4360,360,3
user:4361,218,3
user:4362,198,2
user:4363,230,3
user:4364,43,2
user:4365,141,2
user:4366,180,3
user:4367,31,3
user:4368,370,3
user:4369,476,2
user:4370,428,3
user:4371,171,3
user:4372,365,2
user:4373,270,2
user:4374,14,3
user:4375,234,2
user:4376,186,2
user:4377,214,3
user:4378,115,2
user:4379,279,3
user:4380,186,3
user:4381,147,3
user:4382,211,2
user:4383,116,3
user:4384,221,2
user:4385,56,2
user:4386,313,3
user:4387,384,2
user:4388,184,2
user:4389,193,3
user:4390,69,3
user:4391,126,2
user:4392,320,3
user:4393,243,3
user:4394,288,2
user:4395,277,3
user:4396,156,3
user:4397,197,3
user:4398,496,3
user:4399,267,3
user:4400,471,3
user:4401,146,2
user:4402,294,2
user:4403,486,3
user:4404,73,3
user:4405,232,2
user:4406,474,2
user:4407,400,2
user:4408,232,2
user:4409,345,3
user:4410,492,2
user:4411,440,3
user:4412,33,2
user:4413,423,3
user:4414,105,2
user:4415,116,2
user:4416,7,3
user:4417,382,2
user:4418,194,3
user:4419,413,2
user:4420,322,3
user:4421,237,3
user:4422,2,2
user:4423,136,2
user:4424,484,2
user:4425,415,2
user:4426,254,2
user:4427,271,3
user:4428,433,3
user:4429,99,3
user:4430,411,3
user:4431,310,3
user:4432,105,2
user:4433,147,3
user:4434,29,2
user:4435,156,3
user:4436,17,3
user:4437,251,3
user:4438,37,3
user:4439,429,2
user:4440,141,3
user:4441,3,3
user:4442,492,3
user:4443,382,3
user:4444,357,2
user:4445,406,2
user:4446,238,2
user:4447,180,2
user:4448,0,3
user:4449,184,3
user:4450,185,3
user:4451,431,2
user:4452,87,3
user:4453,379,2
user:4454,308,3
user:4455,188,3
user:4456,66,2
user:4457,318,3
user:4458,307,2
user:4459,69,2
user:4460,5,3
user:4461,474,2
user:4462,244,2
user:4463,239,3
user:4464,474,2
user:4465,73,3
user:4466,405,3
user:4467,223,2
user:4468,440,3
user:4469,73,3
user:4470,490,3
user:4471,379,3
user:4472,357,3
user:4473,224,2
user:4474,212,3
user:4475,387,3
user:4476,287,3
user:4477,461,2
user:4478,292,2
user:4479,227,2
user:4480,212,3
user:4481,285,3
user:4482,322,3
user:4483,453,2
user:4484,416,3
user:4485,68,2
user:4486,407,2
user:4487,450,2
user:4488,186,2
user:4489,434,2
user:4490,33,3
user:4491,478,2
user:4492,298,3
user:4493,419,2
user:4494,55,2
user:4495,484,3
user:4496,173,3
user:4497,100,2
user:4498,280,2
user:4499,34,3
user:4500,337,2
user:4501,231,3
user:4502,101,2
user:4503,206,3
user:4504,269,2
user:4505,195,2
user:4506,229,2
user:4507,407,3
user:4508,486,3
user:4509,185,3
user:4510,110,2
user:4511,382,2
user:4512,230,2
user:4513,106,2
user:4514,222,2
user:4515,41,2
user:4516,373,2
user:4517,67,3
user:4518,13,3
user:4519,360,2
user:4520,234,2
user:4521,179,2
user:4522,390,3
user:4523,238,2
user:4524,287,3
user:4525,61,2
user:4526,269,2
user:4527,69,3
user:4528,329,2
user:4529,54,3
user:4530,363,2
user:4531,263,2
user:4532,492,3
user:4533,129,3
user:4534,25,3
user:4535,41,3
user:4536,133,3
user:4537,351,2
user:4538,159,3
user:4539,120,2
user:4540,459,2
user:4541,23,3
user:4542,393,2
user:4543,285,3
user:4544,414,3
user:4545,300,2
user:4546,418,2
user:4547,384,2
user:4548,246,3
user:4549,96,2
user:4550,111,3
user:4551,469,3
user:4552,347,3
user:4553,61,2
user:4554,323,3
user:4555,125,2
user:4556,370,2
user:4557,222,3
user:4558,444,2
user:4559,484,2
user:4560,368,3
user:4561,101,2
user:4562,124,3
user:4563,39,3
user:4564,129,2
user:4565,247,2
user:4566,350,3
user:4567,95,2
user:4568,126,2
user:4569,99,3
user:4570,337,3
user:4571,86,3
user:4572,494,2
user:4573,6,2
user:4574,22,3
user:4575,25,3
user:4576,227,2
user:4577,2,3
user:4578,317,2
user:4579,496,3
user:4580,268,3
user:4581,103,2
user:4582,57,3
user:4583,405,3
user:4584,29,3
user:4585,473,3
user:4586,8,3
user:4587,186,3
user:4588,365,2
user:4589,233,2
user:4590,145,3
user:4591,181,3
user:4592,405,3
user:4593,68,2
user:4594,306,3
user:4595,215,3
user:4596,196,2
user:4597,474,2
user:4598,261,3
user:4599,185,2
user:4600,7,3
user:4601,163,3
user:4602,120,3
user:4603,50,3
user:4604,226,2
user:4605,115,2
user:4606,2,3
user:4607,200,3
user:4608,191,2
user:4609,213,3
user:4610,291,2
user:4611,37,3
user:4612,454,3
user:4613,161,3
user:4614,309,2
user:4615,462,3
user:4616,376,2
user:4617,92,3
user:4618,217,2
user:4619,91,3
user:4620,143,2
user:4621,348,3
user:4622,459,2
user:4623,198,2
user:4624,262,3
user:4625,378,2
user:4626,86,3
user:4627,249,3
user:4628,272,2
user:4629,69,2
user:4630,324,2
user:4631,389,2
user:4632,427,3
user:4633,63,2
user:4634,319,3
user:4635,356,2
user:4636,320,3
user:4637,269,3
user:4638,34,3
user:4639,99,2
user:4640,464,2
user:4641,299,2
user:4642,386,3
user:4643,271,2
user:4644,80,2
user:4645,482,3
user:4646,276,2
user:4647,319,2
user:4648,442,2
user:4649,426,2
user:4650,313,3
user:4651,120,3
user:4652,371,2
user:4653,304,2
user:4654,126,3
user:4655,404,2
user:4656,108,3
user:4657,125,3
user:4658,338,3
user:4659,225,2
user:4660,101,3
user:4661,238,2
user:4662,410,3
user:4663,319,2
user:4664,341,2
user:4665,208,3
user:4666,255,3
user:4667,490,2
user:4668,291,3
user:4669,442,3
user:4670,212,2
user:4671,13,2
user:4672,42,3
user:4673,127,3
user:4674,156,2
user:4675,131,3
user:4676,271,2
user:4677,69,2
user:4678,294,2
user:4679,375,2
user:4680,225,3
user:4681,467,2
user:4682,367,2
user:4683,259,3
user:4684,393,2
user:4685,495,3
user:4686,297,3
user:4687,370,2
user:4688,226,3
user:4689,260,2
user:4690,39,2
user:4691,479,3
user:4692,243,2
user:4693,346,2
user:4694,223,3
user:4695,31,2
user:4696,62,3
user:4697,120,3
user:4698,437,2
user:4699,253,3
user:4700,436,3
user:4701,395,2
user:4702,339,2
user:4703,167,2
user:4704,91,3
user:4705,313,2
user:4706,132,3
user:4707,426,2
user:4708,219,3
user:4709,482,2
user:4710,233,3
user:4711,221,2
user:4712,269,3
user:4713,482,3
user:4714,403,3
user:4715,442,3
user:4716,226,2
user:4717,269,3
user:4718,418,3
user:4719,366,3
user:4720,402,2
user:4721,409,3
user:4722,292,2
user:4723,372,3
user:4724,361,3
user:4725,247,3
user:4726,477,3
user:4727,45,3
user:4728,430,3
user:4729,286,2
user:4730,366,3
user:4731,47,2
user:4732,401,3
user:4733,48,3
user:4734,381,2
user:4735,282,3
user:4736,398,3
user:4737,104,3
user:4738,399,3
user:4739,163,3
user:4740,34,2
user:4741,235,3
user:4742,218,3
user:4743,224,2
user:4744,409,3
user:4745,418,3
user:4746,261,2
user:4747,399,2
user:4748,190,3
user:4749,362,3
user:4750,237,2
user:4751,484,2
user:4752,444,2
user:4753,319,3
user:4754,470,2
user:4755,170,3
user:4756,126,3
user:4757,243,2
user:4758,175,3
user:4759,4,2
user:4760,109,2
user:4761,125,2
user:4762,470,2
user:4763,300,2
user:4764,365,3
user:4765,464,2
user:4766,28,3
user:4767,257,3
user:4768,451,2
user:4769,385,3
user:4770,316,2
user:4771,496,3
user:4772,205,3
user:4773,313,3
user:4774,486,3
user:4775,246,3
user:4776,121,3
user:4777,442,2
user:4778,93,2
user:4779,140,2
user:4780,154,3
user:4781,442,3
user:4782,439,2
user:4783,383,3
user:4784,319,3
user:4785,418,2
user:4786,499,2
user:4787,58,3
user:4788,248,2
user:4789,167,3
user:4790,29,3
user:4791,451,2
user:4792,14,2
user:4793,92,2
user:4794,155,2
user:4795,8,3
user:4796,358,2
user:4797,461,2
user:4798,397,2
user:4799,479,3
user:4800,140,3
user:4801,303,2
user:4802,344,3
user:4803,301,3
user:4804,203,3
user:4805,320,3
user:4806,359,2
user:4807,483,3
user:4808,17,3
user:4809,102,3
user:4810,479,2
user:4811,62,3
user:4812,417,2
user:4813,289,2
user:4814,404,2
user:4815,159,2
user:4816,424,3
user:4817,13,2
user:4818,246,2
user:4819,279,2
user:4820,133,3
user:4821,86,3
user:4822,0,3
user:4823,226,3
user:4824,351,2
user:4825,397,3
user:4826,487,2
user:4827,400,3
user:4828,194,3
user:4829,356,2
user:4830,352,3
user:4831,255,2
user:4832,90,2
user:4833,28,2
user:4834,17,2
user:4835,377,2
user:4836,191,2
user:4837,249,2
user:4838,351,2
user:4839,432,2
user:4840,445,3
user:4841,108,3
user:4842,173,2
user:4843,178,3
user:4844,200,2
user:4845,97,3
user:4846,88,3
user:4847,348,2
user:4848,475,3
user:4849,102,2
user:4850,51,3
user:4851,395,3
user:4852,166,3
user:4853,140,3
user:4854,458,3
user:4855,4,2
user:4856,297,2
user:4857,356,2
user:4858,497,2
user:4859,236,2
user:4860,37,2
user:4861,326,2
user:4862,447,3
user:4863,374,3
user:4864,112,2
user:4865,125,3
user:4866,20,2
user:4867,271,3
user:4868,375,3
user:4869,375,2
user:4870,388,3
user:4871,478,3
user:4872,231,3
user:4873,248,2
user:4874,464,3
user:4875,473,2
user:4876,282,3
user:4877,398,3
user:4878,36,3
user:4879,38,2
user:4880,22,3
user:4881,322,3
user:4882,375,3
user:4883,174,2
user:4884,117,3
user:4885,496,3
user:4886,476,2
user:4887,436,2
user:4888,292,3
user:4889,360,2
user:4890,111,3
user:4891,223,3
user:4892,90,3
user:4893,396,2
user:4894,497,2
user:4895,291,2
user:4896,280,2
user:4897,64,3
user:4898,403,2
user:4899,225,3
user:4900,472,3
user:4901,277,2
user:4902,168,3
user:4903,113,2
user:4904,36,2
user:4905,421,2
user:4906,178,2
user:4907,386,2
user:4908,242,3
user:4909,112,3
user:4910,9,3
user:4911,125,2
user:4912,91,2
user:4913,8,2
user:4914,70,2
user:4915,100,3
user:4916,171,2
user:4917,431,2
user:4918,244,3
user:4919,438,3
user:4920,463,2
user:4921,480,3
user:4922,204,2
user:4923,58,3
user:4924,404,2
user:4925,53,3
user:4926,276,3
user:4927,432,3
user:4928,139,3
user:4929,347,3
user:4930,422,2
user:4931,253,3
user:4932,301,2
user:4933,481,3
user:4934,133,2
user:4935,274,3
user:4936,340,3
user:4937,295,3
user:4938,287,2
user:4939,415,3
user:4940,338,3
user:4941,230,2
user:4942,249,2
user:4943,177,3
user:4944,451,2
user:4945,393,3
user:4946,281,2
user:4947,17,2
user:4948,87,2
user:4949,37,2
user:4950,106,2
user:4951,86,3
user:4952,171,2
user:4953,183,2
user:4954,281,2
user:4955,99,3
user:4956,320,2
user:4957,487,3
user:4958,338,2
user:4959,134,2
user:4960,29,3
user:4961,264,2
user:4962,492,3
user:4963,339,3
user:4964,6,2
user:4965,232,2
user:4966,70,3
user:4967,309,2
user:4968,54,2
user:4969,100,2
user:4970,156,3
user:4971,351,3
user:4972,9,3
user:4973,106,3
user:4974,357,3
user:4975,437,2
user:4976,3,3
user:4977,417,2
user:4978,468,2
user:4979,383,2
user:4980,479,3
user:4981,60,3
user:4982,227,2
user:4983,148,3
user:4984,186,2
user:4985,185,3
user:4986,285,3
user:4987,156,3
user:4988,28,3
user:4989,452,3
user:4990,459,2
user:4991,198,3
user:4992,43,2
user:4993,271,2
user:4994,282,2
user:4995,264,2
user:4996,398,2
user:4997,387,3
user:4998,344,2
user:4999,69,2
user:5000,254,3
user:5001,31,2
user:5002,410,2
user:5003,128,2
user:5004,495,2
user:5005,392,2
user:5006,304,2
user:5007,438,3
user:5008,298,2
user:5009,177,2
user:5010,59,2
user:5011,162,3
user:5012,225,2
user:5013,351,3
user:5014,382,2
user:5015,233,3
user:5016,480,3
user:5017,421,2
user:5018,22,2
user:5019,410,2
user:5020,259,2
user:5021,257,3
user:5022,213,2
user:5023,80,2
user:5024,100,3
user:5025,492,3
user:5026,420,3
user:5027,55,2
user:5028,427,3
user:5029,438,3
user:5030,243,2
user:5031,118,2
user:5032,41,3
user:5033,288,2
user:5034,426,2
user:5035,310,2
user:5036,94,2
user:5037,81,2
user:5038,63,2
user:5039,257,3
user:5040,179,3
user:5041,487,2
user:5042,218,2
user:5043,337,3
user:5044,492,2
user:5045,452,2
user:5046,369,3
user:5047,75,3
user:5048,152,2
user:5049,145,2
user:5050,221,2
user:5051,457,3
user:5052,96,2
user:5053,377,3
user:5054,163,3
user:5055,192,2
user:5056,155,3
user:5057,356,2
user:5058,332,2
user:5059,57,3
user:5060,271,2
user:5061,154,3
user:5062,461,3
user:5063,81,3
user:5064,25,2
user:5065,235,3
user:5066,454,2
user:5067,193,2
user:5068,35,3
user:5069,191,3
user:5070,369,2
user:5071,380,3
user:5072,43,2
user:5073,73,3
user:5074,249,2
user:5075,42,3
user:5076,402,3
user:5077,302,3
user:5078,51,3
user:5079,429,3
user:5080,477,2
user:5081,153,3
user:5082,209,2
user:5083,477,2
user:5084,413,2
user:5085,196,2
user:5086,186,2
user:5087,344,2
user:5088,23,2
user:5089,342,2
user:5090,205,2
user:5091,137,2
user:5092,62,3
user:5093,352,3
user:5094,195,2
user:5095,104,3
user:5096,434,3
user:5097,188,3
user:5098,353,3
user:5099,37,2
user:5100,476,3
user:5101,62,2
user:5102,101,2
user:5103,202,2
user:5104,236,2
user:5105,391,3
user:5106,117,2
user:5107,331,2
user:5108,305,3
user:5109,70,2
user:5110,19,3
user:5111,103,2
user:5112,73,2
user:5113,132,2
user:5114,222,3
user:5115,25,3
user:5116,434,2
user:5117,366,3
user:5118,414,2
user:5119,298,3
user:5120,336,3
user:5121,366,2
user:5122,70,2
user:5123,6,3
user:5124,223,3
user:5125,294,2
user:5126,378,3
user:5127,443,3
user:5128,354,2
user:5129,321,2
user:5130,466,2
user:5131,424,2
user:5132,132,3
user:5133,281,3
user:5134,290,3
user:5135,147,3
user:5136,69,2
user:5137,66,2
user:5138,97,3
user:5139,60,3
user:5140,192,2
user:5141,114,3
user:5142,381,2
user:5143,109,3
user:5144,204,2
user:5145,130,3
user:5146,331,3
user:5147,453,2
user:5148,428,2
user:5149,299,3
user:5150,311,3
user:5151,451,2
user:5152,116,2
user:5153,280,3
user:5154,15,2
user:5155,168,2
user:5156,445,2
user:5157,202,3
user:5158,24,3
user:5159,188,3
user:5160,83,3
user:5161,205,2
user:5162,106,2
user:5163,235,2
user:5164,27,2
user:5165,238,3
user:5166,253,2
user:5167,417,3
user:5168,455,2
user:5169,461,2
user:5170,51,2
user:5171,402,2
user:5172,225,2
user:5173,60,3
user:5174,180,2
user:5175,444,3
user:5176,200,2
user:5177,156,2
user:5178,499,3
user:5179,451,2
user:5180,17,2
user:5181,281,2
user:5182,362,3
user:5183,151,3
user:5184,487,2
user:5185,5,3
user:5186,24,2
user:5187,497,2
user:5188,273,2
user:5189,410,2
user:5190,210,3
user:5191,90,3
user:5192,118,2
user:5193,471,2
user:5194,180,2
user:5195,261,3
user:5196,365,3
user:5197,298,2
user:5198,352,3
user:5199,361,3
user:5200,182,3
user:5201,368,3
user:5202,322,3
user:5203,481,2
user:5204,390,2
user:5205,13,3
user:5206,427,2
user:5207,488,2
user:5208,2,3
user:5209,406,3
user:5210,260,3
user:5211,215,2
user:5212,113,2
user:5213,206,2
user:5214,400,2
user:5215,124,3
user:5216,496,3
user:5217,285,3
user:5218,433,3
user:5219,436,3
user:5220,333,3
user:5221,128,3
user:5222,176,2
user:5223,41,3
user:5224,264,3
user:5225,89,3
user:5226,427,2
user:5227,428,3
user:5228,34,2
user:5229,104,3
user:5230,375,3
user:5231,472,3
user:5232,298,2
user:5233,326,2
user:5234,263,3
user:5235,138,2
user:5236,286,2
user:5237,389,2
user:5238,273,2
user:5239,34,2
user:5240,341,2
user:5241,104,3
user:5242,25,2
user:5243,243,2
user:5244,486,3
user:5245,447,3
user:5246,47,2
user:5247,36,2
user:5248,70,3
user:5249,63,3
user:5250,20,2
user:5251,321,3
user:5252,170,2
user:5253,339,3
user:5254,55,2
user:5255,151,2
user:5256,373,2
user:5257,285,3
user:5258,288,2
user:5259,159,2
user:5260,231,3
user:5261,4,2
user:5262,46,2
user:5263,10,2
user:5264,127,2
user:5265,61,3
user:5266,382,2
user:5267,318,2
user:5268,24,2
user:5269,370,3
user:5270,294,2
user:5271,442,3
user:5272,26,2
user:5273,485,3
user:5274,13,3
user:5275,251,2
user:5276,448,2
user:5277,340,2
user:5278,289,3
user:5279,177,3
user:5280,96,3
user:5281,489,2
user:5282,219,2
user:5283,332,2
user:5284,222,3
user:5285,321,2
user:5286,221,2
user:5287,473,2
user:5288,198,3
user:5289,71,3
user:5290,397,2
user:5291,349,2
user:5292,212,3
user:5293,99,2
user:5294,159,3
user:5295,248,2
user:5296,418,3
user:5297,54,2
user:5298,118,3
user:5299,79,3
user:5300,266,3
user:5301,489,3
user:5302,407,2
user:5303,418,3
user:5304,376,2
user:5305,382,3
user:5306,304,3
user:5307,217,3
user:5308,167,2
user:5309,299,3
user:5310,166,3
user:5311,270,3
user:5312,120,3
user:5313,49,2
user:5314,449,3
user:5315,65,2
user:5316,412,2
user:5317,290,2
user:5318,266,3
user:5319,339,3
user:5320,381,2
user:5321,412,2
user:5322,200,2
user:5323,478,3
user:5324,166,2
user:5325,425,2
user:5326,336,3
user:5327,343,3
user:5328,100,3
user:5329,234,2
user:5330,238,3
user:5331,231,2
user:5332,375,2
user:5333,336,2
user:5334,408,3
user:5335,410,2
user:5336,259,2
user:5337,460,3
user:5338,20,3
user:5339,52,3
user:5340,105,2
user:5341,53,3
user:5342,99,3
user:5343,405,3
user:5344,180,2
user:5345,319,3
user:5346,82,2
user:5347,234,2
user:5348,365,2
user:5349,169,3
user:5350,108,3
user:5351,325,3
user:5352,63,3
user:5353,6,3
user:5354,199,3
user:5355,335,3
user:5356,220,3
user:5357,249,3
user:5358,406,2
user:5359,332,3
user:5360,182,3
user:5361,292,3
user:5362,365,2
user:5363,99,3
user:5364,201,3
user:5365,394,2
user:5366,138,3
user:5367,145,2
user:5368,272,3
user:5369,55,2
user:5370,134,3
user:5371,388,2
user:5372,82,2
user:5373,13,2
user:5374,333,2
user:5375,98,2
user:5376,260,3
user:5377,342,3
user:5378,26,3
user:5379,497,3
user:5380,257,2
user:5381,485,3
user:5382,210,3
user:5383,342,3
user:5384,117,3
user:5385,199,2
user:5386,316,3
user:5387,376,3
user:5388,58,2
user:5389,497,2
user:5390,422,3
user:5391,256,2
user:5392,264,3
user:5393,126,2
user:5394,122,3
user:5395,409,2
user:5396,488,2
user:5397,489,2
user:5398,274,2
user:5399,275,3
user:5400,33,3
user:5401,154,2
user:5402,391,3
user:5403,4,2
user:5404,462,2
user:5405,260,3
user:5406,9,2
user:5407,475,3
user:5408,363,3
user:5409,136,2
user:5410,440,2
user:5411,403,2
user:5412,282,2
user:5413,390,3
user:5414,438,3
user:5415,355,2
user:5416,12,2
user:5417,16,2
user:5418,388,2
user:5419,210,2
user:5420,177,2
user:5421,306,2
user:5422,286,3
user:5423,403,2
user:5424,182,3
user:5425,407,3
user:5426,409,2
user:5427,301,3
user:5428,402,2
user:5429,382,3
user:5430,240,3
user:5431,158,3
user:5432,102,2
user:5433,488,3
user:5434,374,2
user:5435,362,2
user:5436,468,3
user:5437,155,2
user:5438,355,3
user:5439,82,3
user:5440,220,3
user:5441,322,3
user:5442,65,3
user:5443,466,2
user:5444,244,3
user:5445,302,3
user:5446,37,3
user:5447,216,3
user:5448,291,2
user:5449,326,2
user:5450,285,2
user:5451,197,2
user:5452,260,2
user:5453,199,3
user:5454,10,2
user:5455,184,3
user:5456,270,3
user:5457,267,3
user:5458,302,2
user:5459,466,2
user:5460,191,2
user:5461,469,2
user:5462,250,3
user:5463,259,2
user:5464,37,3
user:5465,259,2
user:5466,177,2
user:5467,279,3
user:5468,118,2
user:5469,85,2
user:5470,14,2
user:5471,316,2
user:5472,118,3
user:5473,376,3
user:5474,189,2
user:5475,368,3
user:5476,281,2
user:5477,180,2
user:5478,229,2
user:5479,136,2
user:5480,189,2
user:5481,126,2
user:5482,152,2
user:5483,185,2
user:5484,178,3
user:5485,388,2
user:5486,103,3
user:5487,127,3
user:5488,254,2
user:5489,124,2
user:5490,73,2
user:5491,407,2
user:5492,468,2
user:5493,117,2
user:5494,469,2
user:5495,181,2
user:5496,55,2
user:5497,486,2
user:5498,211,2
user:5499,221,2
user:5500,290,2
user:5501,318,3
user:5502,485,3
user:5503,490,3
user:5504,352,2
user:5505,15,3
user:5506,234,3
user:5507,282,2
user:5508,204,3
user:5509,414,3
user:5510,445,2
user:5511,271,3
user:5512,360,3
user:5513,450,2
user:5514,276,3
user:5515,363,3
user:5516,111,2
user:5517,199,2
user:5518,73,2
user:5519,496,3
user:5520,266,3
user:5521,116,2
user:5522,344,2
user:5523,329,3
user:5524,111,3
user:5525,122,2
user:5526,306,2
user:5527,314,3
user:5528,340,3
user:5529,478,3
user:5530,138,2
user:5531,221,2
user:5532,408,3
user:5533,499,3
user:5534,197,2
user:5535,10,3
user:5536,302,2
user:5537,192,2
user:5538,467,3
user:5539,322,3
user:5540,471,3
user:5541,348,3
user:5542,176,3
user:5543,440,2
user:5544,242,2
user:5545,407,3
user:5546,80,2
user:5547,242,3
user:5548,307,3
user:5549,124,2
user:5550,65,2
user:5551,43,2
user:5552,489,3
user:5553,173,3
user:5554,360,2
user:5555,149,2
user:5556,305,3
user:5557,288,3
user:5558,326,2
user:5559,115,2
user:5560,456,2
user:5561,435,2
user:5562,422,2
user:5563,421,2
user:5564,258,3
user:5565,261,2
user:5566,199,3
user:5567,189,3
user:5568,141,3
user:5569,234,3
user:5570,332,3
user:5571,116,3
user:5572,278,3
user:5573,427,2
user:5574,448,2
user:5575,464,2
user:5576,42,2
user:5577,342,2
user:5578,241,3
user:5579,263,2
user:5580,448,2
user:5581,495,2
user:5582,117,2
user:5583,376,2
user:5584,417,2
user:5585,205,2
user:5586,385,3
user:5587,132,2
user:5588,187,2
user:5589,140,3
user:5590,293,2
user:5591,11,3
user:5592,402,3
user:5593,167,2
user:5594,12,2
user:5595,243,2
user:5596,422,2
user:5597,463,3
user:5598,490,2
user:5599,181,2
user:5600,161,2
user:5601,91,2
user:5602,419,3
user:5603,9,3
user:5604,278,3
user:5605,461,3
user:5606,424,3
user:5607,132,2
user:5608,342,2
user:5609,118,3
user:5610,429,3
user:5611,26,2
user:5612,157,3
user:5613,289,2
user:5614,46,2
user:5615,458,2
user:5616,252,3
user:5617,423,3
user:5618,228,2
user:5619,157,3
user:5620,139,2
user:5621,250,2
user:5622,328,3
user:5623,426,3
user:5624,279,2
user:5625,445,3
user:5626,144,2
user:5627,180,3
user:5628,343,3
user:5629,54,2
user:5630,455,3
user:5631,36,3
user:5632,227,2
user:5633,218,2
user:5634,45,3
user:5635,385,3
user:5636,430,2
user:5637,25,2
user:5638,136,3
user:5639,291,3
user:5640,338,3
user:5641,32,2
user:5642,180,2
user:5643,147,2
user:5644,121,3
user:5645,51,2
user:5646,451,3
user:5647,225,3
user:5648,417,3
user:5649,277,2
user:5650,391,3
user:5651,101,2
user:5652,187,3
user:5653,200,3
user:5654,208,2
user:5655,432,2
user:5656,91,3
user:5657,472,2
user:5658,274,2
user:5659,214,3
user:5660,16,3
user:5661,64,2
user:5662,443,2
user:5663,389,3
user:5664,355,3
user:5665,79,2
user:5666,467,3
user:5667,118,2
user:5668,462,2
user:5669,480,3
user:5670,329,2
user:5671,60,2
user:5672,196,3
user:5673,345,3
user:5674,385,3
user:5675,237,2
user:5676,341,2
user:5677,447,2
user:5678,354,3
user:5679,336,3
user:5680,198,3
user:5681,26,3
user:5682,345,3
user:5683,353,3
user:5684,35,2
user:5685,163,2
user:5686,269,3
user:5687,32,2
user:5688,165,2
user:5689,484,3
user:5690,134,3
user:5691,364,2
user:5692,294,2
user:5693,216,3
user:5694,459,3
user:5695,267,3
user:5696,417,3
user:5697,275,3
user:5698,217,3
user:5699,144,3
user:5700,468,3
user:5701,111,2
user:5702,446,3
user:5703,175,3
user:5704,41,2
user:5705,448,3
user:5706,409,2
user:5707,12,2
user:5708,11,3
user:5709,441,3
user:5710,449,3
user:5711,43,3
user:5712,9,3
user:5713,427,2
user:5714,427,2
user:5715,450,2
user:5716,223,2
user:5717,109,3
user:5718,458,3
user:5719,58,2
user:5720,200,3
user:5721,472,3
user:5722,407,2
user:5723,349,3
user:5724,332,2
user:5725,162,2
user:5726,486,3
user:5727,19,2
user:5728,469,2
user:5729,300,2
user:5730,68,3
user:5731,168,2
user:5732,128,2
user:5733,404,2
user:5734,225,3
user:5735,447,3
user:5736,63,2
user:5737,141,2
user:5738,334,3
user:5739,20,3
user:5740,12,3
user:5741,93,2
user:5742,494,2
user:5743,187,2
user:5744,285,2
user:5745,56,3
user:5746,364,2
user:5747,340,3
user:5748,408,2
user:5749,138,3
user:5750,487,3
user:5751,202,3
user:5752,437,3
user:5753,28,2
user:5754,40,2
user:5755,385,3
user:5756,147,3
user:5757,354,2
user:5758,433,3
user:5759,385,2
user:5760,202,3
user:5761,420,2
user:5762,114,2
user:5763,478,3
user:5764,53,2
user:5765,441,3
user:5766,426,2
user:5767,360,3
user:5768,255,2
user:5769,53,2
user:5770,325,2
user:5771,498,2
user:5772,45,3
user:5773,490,3
user:5774,314,2
user:5775,323,3
user:5776,497,3
user:5777,245,2
user:5778,423,3
user:5779,268,2
user:5780,268,2
user:5781,438,2
user:5782,130,2
user:5783,164,3
user:5784,458,2
user:5785,320,2
user:5786,167,3
user:5787,101,3
user:5788,310,2
user:5789,24,2
user:5790,200,2
user:5791,170,2
user:5792,26,3
user:5793,176,2
user:5794,487,3
user:5795,404,3
user:5796,249,3
user:5797,412,2
user:5798,187,2
user:5799,279,3
user:5800,271,2
user:5801,168,2
user:5802,124,3
user:5803,355,3
user:5804,376,3
user:5805,292,3
user:5806,437,2
user:5807,461,2
user:5808,292,2
user:5809,153,2
user:5810,182,3
user:5811,292,3
user:5812,40,3
user:5813,370,2
user:5814,131,2
user:5815,438,3
user:5816,112,2
user:5817,192,2
user:5818,166,2
user:5819,86,2
user:5820,251,2
user:5821,307,3
user:5822,380,3
user:5823,59,2
user:5824,270,2
user:5825,16,3
user:5826,190,3
user:5827,389,2
user:5828,220,3
user:5829,272,2
user:5830,498,2
user:5831,296,3
user:5832,410,2
user:5833,492,3
user:5834,169,2
user:5835,275,2
user:5836,212,3
user:5837,413,2
user:5838,349,3
user:5839,442,2
user:5840,262,3
user:5841,454,3
user:5842,434,2
user:5843,414,2
user:5844,171,3
user:5845,169,3
user:5846,250,2
user:5847,206,3
user:5848,53,2
user:5849,383,3
user:5850,343,3
user:5851,53,2
user:5852,206,3
user:5853,470,2
user:5854,76,2
user:5855,48,2
user:5856,10,2
user:5857,47,3
user:5858,59,3
user:5859,187,2
user:5860,177,3
user:5861,499,2
user:5862,304,3
user:5863,195,2
user:5864,231,2
user:5865,336,3
user:5866,332,3
user:5867,449,2
user:5868,206,3
user:5869,319,2
user:5870,382,2
user:5871,434,2
user:5872,333,2
user:5873,158,2
user:5874,208,3
user:5875,347,2
user:5876,100,2
user:5877,285,2
user:5878,424,2
user:5879,372,2
user:5880,423,2
user:5881,378,2
user:5882,233,2
user:5883,135,2
user:5884,274,2
user:5885,285,3
user:5886,349,2
user:5887,5,3
user:5888,26,3
user:5889,416,2
user:5890,352,2
user:5891,192,2
user:5892,390,2
user:5893,499,3
user:5894,229,3
user:5895,37,2
user:5896,279,2
user:5897,227,2
user:5898,294,2
user:5899,432,3
user:5900,76,3
user:5901,457,2
user:5902,218,3
user:5903,51,3
user:5904,281,3
user:5905,50,3
user:5906,415,3
user:5907,401,3
user:5908,170,3
user:5909,332,3
user:5910,56,3
user:5911,212,3
user:5912,140,3
user:5913,382,3
user:5914,32,3
user:5915,305,2
user:5916,107,3
user:5917,10,3
user:5918,286,2
user:5919,353,2
user:5920,375,2
user:5921,313,2
user:5922,455,2
user:5923,382,2
user:5924,156,2
user:5925,119,3
user:5926,435,2
user:5927,382,2
user:5928,454,2
user:5929,445,2
user:5930,30,2
user:5931,124,3
user:5932,362,3
user:5933,302,2
user:5934,25,2
user:5935,103,3
user:5936,374,3
user:5937,258,2
user:5938,129,3
user:5939,495,2
user:5940,154,3
user:5941,177,3
user:5942,431,2
user:5943,153,2
user:5944,329,3
user:5945,413,2
user:5946,151,3
user:5947,415,2
user:5948,224,3
user:5949,9,3
user:5950,199,2
user:5951,382,2
user:5952,103,2
user:5953,102,2
user:5954,225,2
user:5955,400,2
user:5956,390,2
user:5957,296,2
user:5958,91,2
user:5959,124,2
user:5960,490,3
user:5961,182,3
user:5962,432,2
user:5963,373,2
user:5964,296,3
user:5965,40,3
user:5966,213,2
user:5967,464,3
user:5968,138,2
user:5969,445,3
user:5970,479,3
user:5971,293,3
user:5972,414,3
user:5973,144,2
user:5974,256,3
user:5975,175,3
user:5976,362,3
user:5977,32,2
user:5978,397,2
user:5979,369,2
user:5980,446,3
user:5981,487,3
user:5982,445,3
user:5983,177,3
user:5984,64,3
user:5985,75,3
user:5986,447,3
user:5987,250,3
user:5988,345,2
user:5989,326,2
user:5990,481,2
user:5991,462,2
user:5992,66,2
user:5993,327,2
user:5994,49,2
user:5995,211,2
user:5996,305,